first_seen,tribe,state,title,posted_date,deadline,project_type,confidence,url,summary,source_page
2026-05-20,Sac & Fox Tribe of the Mississippi in Iowa (Meskwaki),IA,Engineering Services for Planning and Design of Interchange at US 30 and F Avenue,,,Infrastructure,high,https://www.meskwaki.org/addendum-engineering-services-for-planning-and-design-of-an-interchange-at-us-30-and-f-avenue/,Engineering services for planning and design of an interchange at US 30 and F Avenue.,https://www.meskwaki.org/procurements/
2026-05-20,Bay Mills Indian Community,MI,Housing Preservation and Repair Program,,,Housing,medium,https://www.baymills.org/_files/ugd/869f65_ccac76d2c8d349598d0ac35da8d4f3b1.pdf,Housing preservation and repair program for tribal members.,https://www.baymills.org/
2026-05-20,Keweenaw Bay Indian Community,MI,Housing Department Request for Proposals: Lawn Care Services,2026-04-22,,Professional Services,high,https://www.kbic-nsn.gov/housing-department-request-for-proposals-lawn-care-services/,Request for proposals for lawn care services from the Housing Department.,https://www.kbic-nsn.gov/news/
2026-05-20,Keweenaw Bay Indian Community,MI,INVITATION TO BID: Housing Department Spring Clean Up-Marquette,2026-04-01,,Other,high,https://www.kbic-nsn.gov/invitation-to-bid-housing-department-spring-clean-up-marquette/,Invitation to bid for spring clean up services at a Housing Department property in Marquette.,https://www.kbic-nsn.gov/news/
2026-05-20,Keweenaw Bay Indian Community,MI,INVITATION TO BID: US EPA Bipartisan Infrastructure Investment and Jobs Act (IIJA),2026-01-20,,Infrastructure,high,https://www.kbic-nsn.gov/invitation-to-bid-us-epa-bipartisan-infrastructure-investment-and-jobs-act-iija/,Invitation to bid for infrastructure project funded through the US EPA Bipartisan Infrastructure Investment and Jobs Act.,https://www.kbic-nsn.gov/news/
2026-05-20,Little River Band of Ottawa Indians,MI,Sealed Bid Proposals for Weekly or Every Other Week Dumpster Waste Collection and Related Services,2026-05-11,,Other,high,https://lrboi-nsn.gov/news/little-river-band-ottawa-indians-federally-recognized-indian-tribe-soliciting-sealed-bid,Little River Band of Ottawa Indians is soliciting sealed bid proposals from qualified contractors to provide weekly or every other week dumpster waste collection and related services.,https://lrboi-nsn.gov/news
2026-05-20,Little Traverse Bay Bands of Odawa Indians,MI,Invitation to Bid Mechanical Inspector 25-27 - Repost,2025-02-17,,Professional Services,medium,https://ltbbodawa-nsn.gov/wp-content/uploads/2025/02/Invitation-to-Bid-Mechanical-Inspector-25-27-Repost.pdf,Solicitation for mechanical inspector services on an ongoing basis until position is filled.,https://ltbbodawa-nsn.gov/business-and-community/invitation-to-bid/
2026-05-20,Little Traverse Bay Bands of Odawa Indians,MI,Invitation to Bid Emergency On-Call Plumbing and HVAC Services 2026-2029 - Market Rate Housing Rentals-Re Bid,2026-05-14,2026-05-26,Professional Services,high,https://ltbbodawa-nsn.gov/wp-content/uploads/2026/05/Invitation-to-Bid-Emergency-On-Call-Plumbing-and-HVAC-Services-2026-2029-Market-Rate-Housing-Rentals-Re-Bid.pdf,Emergency on-call plumbing and HVAC services for market rate housing rentals from 2026-2029.,https://ltbbodawa-nsn.gov/business-and-community/invitation-to-bid/
2026-05-20,Little Traverse Bay Bands of Odawa Indians,MI,Invitation to Bid Emergency On-Call Plumbing and HVAC Services 2026-2029 - NAHASDA Housing Rentals- Re Bid,2026-05-14,2026-05-26,Professional Services,high,https://ltbbodawa-nsn.gov/wp-content/uploads/2026/05/Invitation-to-Bid-Emergency-On-Call-Plumbing-and-HVAC-Services-2026-2029-NAHASDA-Housing-Rentals-Re-Bid.pdf,Emergency on-call plumbing and HVAC services for NAHASDA housing rentals from 2026-2029.,https://ltbbodawa-nsn.gov/business-and-community/invitation-to-bid/
2026-05-20,Little Traverse Bay Bands of Odawa Indians,MI,Invitation to Bid Emergency On-Call Plumbing and HVAC Services 2026-2029 - Rural Development Housing Rentals- Re Bid,2026-05-14,2026-05-26,Professional Services,high,https://ltbbodawa-nsn.gov/wp-content/uploads/2026/05/Invitation-to-Bid-Emergency-On-Call-Plumbing-and-HVAC-Services-2026-2029-Rural-Development-Housing-Rentals-Re-Bid.pdf,Emergency on-call plumbing and HVAC services for Rural Development housing rentals from 2026-2029.,https://ltbbodawa-nsn.gov/business-and-community/invitation-to-bid/
2026-05-20,Little Traverse Bay Bands of Odawa Indians,MI,Invitation to Bid Rehab of 3586 Wah Be Noong,2026-05-14,2026-05-29,Housing,high,https://ltbbodawa-nsn.gov/wp-content/uploads/2026/05/Invitation-to-Bid-Rehab-of-3586-Wah-Be-Noong.pdf,Rehabilitation construction project for residential property at 3586 Wah Be Noong.,https://ltbbodawa-nsn.gov/business-and-community/invitation-to-bid/
2026-05-20,Match-E-Be-Nash-She-Wish Band of Pottawatomi Indians (Gun Lake),MI,RFP Demolition and Debris Removal – 132nd Ave,2026-04-09,2026-04-23,Infrastructure,high,https://gunlaketribe-nsn.gov/rfp-demolition-and-debris-removal-132nd-ave/,Demolition and debris removal project on 132nd Avenue.,https://gunlaketribe-nsn.gov/requests-for-proposals/
2026-05-20,Match-E-Be-Nash-She-Wish Band of Pottawatomi Indians (Gun Lake),MI,RFP Demolition and Debris Removal – 127th Ave,2026-04-09,2026-04-23,Infrastructure,high,https://gunlaketribe-nsn.gov/rfp-demolition-and-debris-removal-127th-ave/,Demolition and debris removal project on 127th Avenue.,https://gunlaketribe-nsn.gov/requests-for-proposals/
2026-05-20,Match-E-Be-Nash-She-Wish Band of Pottawatomi Indians (Gun Lake),MI,Request for Proposals – Buskirk Stream Project,2026-03-26,2026-04-17,Infrastructure,high,https://gunlaketribe-nsn.gov/request-for-proposals-buskirk-stream-project/,Watershed-based implementation project to address nonpoint source water quality impairments on Buskirk Stream.,https://gunlaketribe-nsn.gov/requests-for-proposals/
2026-05-20,Pokagon Band of Potawatomi Indians,MI,Feasibility of Engineered Wildlife Road Crossings,,,Infrastructure,high,https://www.pokagonband-nsn.gov/wp-content/uploads/RFP-Wildlife-Road-Crossings.pdf,"Feasibility study to determine cost, permits, and landowner contacts for establishing culvert-style wildlife road crossings on roads within or adjacent to tribal lands.",https://www.pokagonband-nsn.gov/departments/human-resources/career-opportunities/
2026-05-20,Pokagon Band of Potawatomi Indians,MI,Targeted Grazing on Pokagon Lands,,2026-04-20,Other,high,https://www.pokagonband-nsn.gov/wp-content/uploads/GLRI_Invasive-Species-RFP_-Goats-Final-extended-deadline-4.20.26.pdf,Proposals for targeted grazing via goats to remove woody vegetation from 5 acres of tribal property in one or two seasonal periods.,https://www.pokagonband-nsn.gov/departments/human-resources/career-opportunities/
2026-05-20,Pokagon Band of Potawatomi Indians,MI,PBGC Audit Consulting,,,Professional Services,high,https://www.pokagonband-nsn.gov/wp-content/uploads/Internal-Audit-IT-Consulting_RFP_25Feb2026.pdf,Information Technology audit service provider to conduct an independent assessment of Four Winds Casinos' IT Department for regulatory and compliance requirements.,https://www.pokagonband-nsn.gov/departments/human-resources/career-opportunities/
2026-05-20,Pokagon Band of Potawatomi Indians,MI,INVITATION FOR BIDS: Drywall Systems Removal and Replacement,,2026-01-21,Commercial,high,https://www.pokagonband-nsn.gov/wp-content/uploads/20251215-ELECTRONIC-ONLY-Shkwengen-Asbestos-IFB-Package.pdf,"Sealed bid proposals for removal and replacement of approximately 60,000 square feet of asbestos-containing drywall systems in three apartment buildings with 27 residential units at Shkwéngen Apartments in Dowagiac, MI.",https://www.pokagonband-nsn.gov/departments/human-resources/career-opportunities/
2026-05-20,Saginaw Chippewa Indian Tribe of Michigan,MI,N52 Lift Station Portable Generators,2026-04-15,,Infrastructure,high,https://www.sagchip.org/news.aspx?newsid=6994,The Tribe is soliciting proposals for new trailer mounted generators.,https://www.sagchip.org/news.aspx?DepartmentName=Bidding+Opportunities
2026-05-20,Saginaw Chippewa Indian Tribe of Michigan,MI,Saginaw Chippewa Tribal Gindaaso-gamig (Library) Binoojiinhik (Children) Mural,2026-03-25,2026-04-20,Other,medium,https://www.sagchip.org/news.aspx?newsid=6959,The Tribe is seeking bidders for a children's mural project at the tribal library.,https://www.sagchip.org/news.aspx?DepartmentName=Bidding+Opportunities
2026-05-20,Saginaw Chippewa Indian Tribe of Michigan,MI,Housing RFQ - Cedar Trail Asphalt,2026-02-25,,Housing,high,https://www.sagchip.org/news.aspx?newsid=6916,The Saginaw Chippewa Housing Department is requesting quotes for pavement reconstruction.,https://www.sagchip.org/news.aspx?DepartmentName=Bidding+Opportunities
2026-05-20,Saginaw Chippewa Indian Tribe of Michigan,MI,RFQ - Lawncare Services (Standish),2026-01-21,,Professional Services,high,https://www.sagchip.org/news.aspx?newsid=6866,The Saginaw Chippewa Housing Department is requesting quotes for professional lawn care services for the 2026 growing season.,https://www.sagchip.org/news.aspx?DepartmentName=Bidding+Opportunities
2026-05-20,Saginaw Chippewa Indian Tribe of Michigan,MI,RFQ - Lawncare Services (Mt. Pleasant),2026-01-21,,Professional Services,high,https://www.sagchip.org/news.aspx?newsid=6865,The Saginaw Chippewa Housing Department is requesting quotes for professional lawn care services for the 2026 growing season.,https://www.sagchip.org/news.aspx?DepartmentName=Bidding+Opportunities
2026-05-20,Saginaw Chippewa Indian Tribe of Michigan,MI,Otto Park Alterations,2026-01-08,,Infrastructure,high,https://www.sagchip.org/news.aspx?newsid=6846,"The Saginaw Chippewa Indian Tribe is seeking Architectural/Engineering services for Site Analysis, Schematic Design, Design Development, Construction Documents and Construction.",https://www.sagchip.org/news.aspx?DepartmentName=Bidding+Opportunities
2026-05-20,Saginaw Chippewa Indian Tribe of Michigan,MI,Request for Proposals - Soaring Eagle Casino & Resort Expansion Project Management,2024-12-12,,Commercial,high,https://www.sagchip.org/news.aspx?newsid=6203,The Saginaw Chippewa Indian Tribe is seeking proposals to provide Project Management and Oversight for the Soaring Eagle Casino and Resort Expansion Project.,https://www.sagchip.org/news.aspx?DepartmentName=Bidding+Opportunities
2026-05-20,Saginaw Chippewa Indian Tribe of Michigan,MI,Request for Proposal Outline: for Security Surveillance System and Vape Sensors,2024-05-15,,Professional Services,medium,https://www.sagchip.org/news.aspx?newsid=5886,The Tribe is seeking proposals for a security surveillance and vape sensing system.,https://www.sagchip.org/news.aspx?DepartmentName=Bidding+Opportunities
2026-05-20,Sault Ste. Marie Tribe of Chippewa Indians,MI,26-017 Re-bid STHA Newberry Roof Replacement,2026-05-14,,Infrastructure,high,https://www.saulttribe.com/about-us/purchasing-department/purchasing-department-files/download-file?path=Current%2BBid%2BProjects%252F26-017%2BRe-bid%2BSTHA%2BNewberry%2BRoof%2BReplacement%2BNews%2BAd.pdf,Re-bid for roof replacement at STHA Newberry facility.,https://www.saulttribe.com/about-us/purchasing-department/purchasing-department-files?folder=Current%2BBid%2BProjects
2026-05-20,Sault Ste. Marie Tribe of Chippewa Indians,MI,26-020 STHA Odenaang Apartment Building Rebid,2026-05-04,,Housing,high,https://www.saulttribe.com/about-us/purchasing-department/purchasing-department-files/download-file?path=Current%2BBid%2BProjects%252F26-020%2BSTHA%2BOdenaang%2BApartment%2BBuilding%2BRebid.pdf,Re-bid for construction or renovation of STHA Odenaang apartment building.,https://www.saulttribe.com/about-us/purchasing-department/purchasing-department-files?folder=Current%2BBid%2BProjects
2026-05-20,Sault Ste. Marie Tribe of Chippewa Indians,MI,26-024 Sault Tribe Health Division Website Replacement Project RFP,2026-05-01,,Professional Services,high,https://www.saulttribe.com/about-us/purchasing-department/purchasing-department-files/download-file?path=Current%2BBid%2BProjects%252F26-024%2BSault%2BTribe%2BHealth%2BDivision%2BWebsite%2BReplacement%2BProject%2BRFP.pdf,Request for Proposal for replacement of Sault Tribe Health Division website.,https://www.saulttribe.com/about-us/purchasing-department/purchasing-department-files?folder=Current%2BBid%2BProjects
2026-05-20,Sault Ste. Marie Tribe of Chippewa Indians,MI,26-031 Sault Tribe Munising Health Center Structural Engineer RFP,2026-05-06,,Professional Services,high,https://www.saulttribe.com/about-us/purchasing-department/purchasing-department-files/download-file?path=Current%2BBid%2BProjects%252F26-031%2BSault%2BTribe%2BMunising%2BHealth%2BCenter%2BStructural%2BEngineer%2BRFP%2B-%2BInvitation%2Bto%2BBid.pdf,Invitation to Bid for structural engineering services at Sault Tribe Munising Health Center.,https://www.saulttribe.com/about-us/purchasing-department/purchasing-department-files?folder=Current%2BBid%2BProjects
2026-05-20,Sault Ste. Marie Tribe of Chippewa Indians,MI,26-032 Sault Tribe Gladstone Health Center Outdoor Condensing Unit Replacement RFP,2026-05-06,,Infrastructure,high,https://www.saulttribe.com/about-us/purchasing-department/purchasing-department-files/download-file?path=Current%2BBid%2BProjects%252F26-032%2BSault%2BTribe%2BGladstone%2BHealth%2BCenter%2BOutdoor%2BCondensing%2BUnit%2BReplacement%2BRFP%2B-%2BInvitation%2Bto%2BBid.pdf,Invitation to Bid for replacement of outdoor condensing unit at Sault Tribe Gladstone Health Center.,https://www.saulttribe.com/about-us/purchasing-department/purchasing-department-files?folder=Current%2BBid%2BProjects
2026-05-20,Sault Ste. Marie Tribe of Chippewa Indians,MI,26-034 Audit RFP Kewadin Casino 2026-2028,2026-05-11,,Professional Services,high,https://www.saulttribe.com/about-us/purchasing-department/purchasing-department-files/download-file?path=Current%2BBid%2BProjects%252F26-034%2BAudit%2BRFP%2BKewadin%2BCasino%2B2026-2028.pdf,Request for Proposal for audit services for Kewadin Casino for 2026-2028.,https://www.saulttribe.com/about-us/purchasing-department/purchasing-department-files?folder=Current%2BBid%2BProjects
2026-05-20,Sault Ste. Marie Tribe of Chippewa Indians,MI,DeMawating 2496 Shunk Road Roof Replacement,2026-05-14,,Infrastructure,high,https://www.saulttribe.com/about-us/purchasing-department/purchasing-department-files/download-file?path=Current%2BBid%2BProjects%252FDeMawating%2B2496%2BShunk%2BRoad%2BRoof%2BReplacement%2BInvitation%2Bto%2BBid.pdf,Invitation to Bid for roof replacement at DeMawating 2496 Shunk Road.,https://www.saulttribe.com/about-us/purchasing-department/purchasing-department-files?folder=Current%2BBid%2BProjects
2026-05-20,Bois Forte Band (Nett Lake) of Minnesota Chippewa Tribe,MN,Request for Bids: 2008 Chevy 3500 Crew Cab with 9'2 Boss plow,,2026-05-21,Other,high,https://boisforte.com/wp-content/uploads/2026/05/VEHICLE-BID-1TON.pdf,"Sealed bid solicitation for the sale of a used 2008 Chevy 3500 crew cab with plow attachment, sold as-is with known mechanical issues.",https://boisforte.com/rfps/
2026-05-20,Bois Forte Band (Nett Lake) of Minnesota Chippewa Tribe,MN,2026 Bois Forte Reservation Community Cleanup: Request for Contractor Quotes,2026-03-23,,Infrastructure,high,https://boisforte.com/wp-content/uploads/2026/03/Request-for-Quotes_2026_Community_Cleanu_up_CH_3_23_2026.pdf,Request for quotes from contractors to perform community cleanup services on the Bois Forte reservation.,https://boisforte.com/rfps/
2026-05-20,Bois Forte Band (Nett Lake) of Minnesota Chippewa Tribe,MN,Request for Proposals (RFP) for Tribal Prosecutor Services,2026-04-15,,Professional Services,high,https://boisforte.com/wp-content/uploads/2026/04/Bois-Forte_RFP-for-Tribal-Prosecutor-04-15-2026.pdf,RFP seeking qualified individuals or firms to provide tribal prosecutor services.,https://boisforte.com/rfps/
2026-05-20,Bois Forte Band (Nett Lake) of Minnesota Chippewa Tribe,MN,RFP: Access Control System & Cat 6A Cabling Installation,,,Infrastructure,high,https://boisforte.com/wp-content/uploads/2025/09/RFP-Tribal-Administration-Building-IT-1.pdf,RFP for installation of access control systems and Category 6A cabling in the Tribal Administration Building.,https://boisforte.com/rfps/
2026-05-20,Bois Forte Band (Nett Lake) of Minnesota Chippewa Tribe,MN,RFP: Vermilion Public Works Facility Access Control System and Security Cameras,,,Infrastructure,high,https://boisforte.com/wp-content/uploads/2025/09/RFP-Vermilion-Public-Works-IT.pdf,RFP for installation of access control systems and security cameras at the Vermilion Public Works facility.,https://boisforte.com/rfps/
2026-05-20,Grand Portage Band of Minnesota Chippewa Tribe,MN,RFB: Request for Bids Grand Portage Siding Project,,,Commercial,high,https://www.grandportageband.com/wp-content/uploads/2026/04/Siding-RFB.pdf,"Remove existing siding and install new siding, gutters and other exterior trim on RTC, Community Center, Clinic and Wellness Center buildings.",https://www.grandportageband.com/public-notices/
2026-05-20,Leech Lake Band of Ojibwe,MN,Request for Proposals (RFP) for Civil Engineering and Surveying Services,2025-04-16,2025-05-02,Professional Services,high,https://llboha.org/wp-content/uploads/2025/04/LL9_Civil-Engineering-Surveyor_RFP_041625-Final-1.pdf,"Civil engineering and surveying services for a 30-unit housing development in Cass Lake, MN.",https://llboha.org/
2026-05-20,Lower Sioux Indian Community in Minnesota,MN,Request for Proposals for Professional Services – Tribal Court Improvement Project Evaluator,,,Professional Services,high,http://www.lowersioux.com,Seek qualified external evaluator to design and implement culturally responsive evaluation for federally funded Tribal Court Improvement Project focused on strengthening child welfare case handling and collaboration with Human Services Department.,https://lowersioux.com/job/request-for-proposals-for-professional-services/
2026-05-20,Mille Lacs Band of Ojibwe,MN,Lawncare Services May 2027 – September 2027,2026-05-04,2026-06-04,Other,medium,https://millelacsband.com/rfps/lawncare-services-may-2027-september-2027,Lawncare service vendor solicitation for May 2027 through September 2027.,https://millelacsband.com/rfps
2026-05-20,Mille Lacs Band of Ojibwe,MN,Weekly Cleaning Service October 2026 – September 2027,2026-05-04,2026-06-04,Other,medium,https://millelacsband.com/rfps/weekly-cleaning-service-october-2026-september-2027,Commercial cleaning service vendor solicitation for October 2026 through September 2027.,https://millelacsband.com/rfps
2026-05-20,Mille Lacs Band of Ojibwe,MN,Snow Removal Services October 2026 – September 2027,2026-05-04,2026-06-04,Other,medium,https://millelacsband.com/rfps/snow-removal-services-october-2026-september-2027,Snow removal service vendor solicitation for October 2026 through September 2027.,https://millelacsband.com/rfps
2026-05-20,Mille Lacs Band of Ojibwe,MN,Nay Ah Shing Lower School Playground Construction,2026-05-05,2026-05-27,Commercial,high,https://millelacsband.com/rfps/nay-ah-shing-lower-school-playground-construction,Playground equipment construction at Nay Ah Shing Lower School.,https://millelacsband.com/rfps
2026-05-20,Mille Lacs Band of Ojibwe,MN,"3200 Chiminising Drive, Isle",2026-05-05,2026-05-20,Commercial,medium,https://millelacsband.com/rfps/3200-chiminising-drive-isle,General construction project at 3200 Chiminising Drive in Isle.,https://millelacsband.com/rfps
2026-05-20,Mille Lacs Band of Ojibwe,MN,"2511 Giizhik Loop, Hinckley chain link fence",2026-05-05,2026-05-20,Commercial,high,https://millelacsband.com/rfps/2511-giizhik-loop-hinckley-chain-link-fence,Chain link fence installation at 2511 Giizhik Loop in Hinckley.,https://millelacsband.com/rfps
2026-05-20,Mille Lacs Band of Ojibwe,MN,815 Island Ave. Isle Renovation,2026-05-07,2026-05-27,Commercial,high,https://millelacsband.com/rfps/815-island-ave-isle-renovation,Building renovation project at 815 Island Avenue in Isle.,https://millelacsband.com/rfps
2026-05-20,Mille Lacs Band of Ojibwe,MN,"6007 County Rd 138, Garrison",2026-05-07,2026-06-10,Commercial,medium,https://millelacsband.com/rfps/6007-county-rd-138-garrison,General construction project at 6007 County Road 138 in Garrison.,https://millelacsband.com/rfps
2026-05-20,Mille Lacs Band of Ojibwe,MN,Vineland Streets Repaving,2026-05-13,2026-06-03,Infrastructure,high,https://millelacsband.com/rfps/vineland-streets-repaving,Street repaving project on Vineland Streets.,https://millelacsband.com/rfps
2026-05-20,Mille Lacs Band of Ojibwe,MN,Wagidaaki Dr. & Ookwemin Loop Walkways,2026-05-13,2026-06-03,Infrastructure,high,https://millelacsband.com/rfps/wagidaaki-dr-ookwemin-loop-walkways,Walkway construction at Wagidaaki Drive and Ookwemin Loop.,https://millelacsband.com/rfps
2026-05-20,Mille Lacs Band of Ojibwe,MN,"521 1st Street SW, Hinckley",2026-05-19,2026-06-10,Commercial,medium,https://millelacsband.com/rfps/521-1st-street-sw-hinckley,General construction project at 521 1st Street SW in Hinckley.,https://millelacsband.com/rfps
2026-05-20,Mille Lacs Band of Ojibwe,MN,D2 & D3 Warehouse AC Shelters,2026-05-20,2026-06-10,Commercial,high,https://millelacsband.com/rfps/d2-d3-warehouse-ac-shelters,Air conditioning shelter construction at D2 and D3 warehouses.,https://millelacsband.com/rfps
2026-05-20,Prairie Island Indian Community,MN,Elk Run Pasture Management,,,Other,high,https://prairieisland.org/uploads/RFP_FY26_Herbicide-treatment-ElkRunPasture_2026-05-12.docx,"Herbicide treatment for invasive weeds (Thistle, Tall hedge mustard, Spotted knapweed, and Leafy spurge) on approximately 70 acres of cattle pasture near Pine Island, MN with two applications in late May and early July.",https://prairieisland.org/employment
2026-05-20,Prairie Island Indian Community,MN,Oyate Place Service Connections Project,,2026-05-22,Infrastructure,high,https://prairieisland.org/uploads/OyatePlaceServiceConnectionsRFB-Online.docx,"Installation of water and sanitary sewer service connections to residential homes in Welch, Minnesota, including piping, cleanouts, valves, excavation, and backfilling for the Oyate Place development.",https://prairieisland.org/employment
2026-05-20,Prairie Island Indian Community,MN,Summer 2026 Harvest Camp Facilitator,,,Professional Services,high,https://prairieisland.org/uploads/HarvestCamp-RFB.docx,"Facilitation services for a Summer 2026 trip to harvest traditional foods, visit sacred sites, and learn about Dakota lifeways, including coordination with knowledge keepers and community members.",https://prairieisland.org/employment
2026-05-20,Prairie Island Indian Community,MN,Clean-up Month Site Monitor,,2026-05-07,Other,high,https://prairieisland.org/employment,"Limited-term site monitor position for the three-week Prairie Island Clean-up Month event (May 12-30, 2026) to oversee waste drop-off operations and ensure proper material sorting.",https://prairieisland.org/employment
2026-05-20,Prairie Island Indian Community,MN,Curriculum Developer Consultant,,,Professional Services,medium,https://prairieisland.org/uploads/DOC030525.pdf,"Curriculum development consultation focused on Tinta Wita Dakota history, culture, and language for the Indigenous Education for All (IEFA) project for Minnesota school districts.",https://prairieisland.org/employment
2026-05-20,Prairie Island Indian Community,MN,Educational Guides,,,Professional Services,high,https://acrobat.adobe.com/id/urn:aaid:sc:VA6C2:8649ca19-c11b-4087-b4d3-ee3aa0fe76e0,Independent contractor positions for 3-5 community members to serve as educational guides leading tours of the Buffalo Project and Bark Lodge to various groups and organizations.,https://prairieisland.org/employment
2026-05-20,Red Lake Band of Chippewa Indians,MN,Endazhi-Nitaawiging Charter School Community Schoolyard Phase 3 Construction RFP,2025-09,,Construction,high,https://www.redlakenation.org/wp-content/uploads/2025/09/Endazhi-Nitaawiging-Charter-School-Community-Schoolyard-Construction-RFP-September-2025-1.pdf,Request for Proposal for Phase 3 construction of a community schoolyard at Endazhi-Nitaawiging Charter School.,https://www.redlakenation.org/
2026-05-20,White Earth Band of Minnesota Chippewa Tribe,MN,Request for Proposals for Civil Engineering and Surveying Services,,,Professional Services,high,https://www.whiteearthhousing.com/wp-content/uploads/2026/04/WE6_Civil-Engineer-Surveyor_RFP_Amended.pdf,Qualified civil engineers and surveyors are requested to propose services for the White Earth Homes VI LIHTC development with 48 units on tribal Trust land.,https://www.whiteearthhousing.com/resources/
2026-05-20,White Earth Band of Minnesota Chippewa Tribe,MN,Request for Proposals for Environmental Consulting Services,,,Professional Services,high,https://www.whiteearthhousing.com/wp-content/uploads/2026/03/WE6_Environmental-Consulting_RFP.pdf,"Qualified environmental consultants are requested to propose services for Phase I and II Environmental Site Assessments, radon testing, and asbestos testing for the Riverland Rehab 48-unit apartment building.",https://www.whiteearthhousing.com/resources/
2026-05-20,Bad River Band of the Lake Superior Tribe of Chippewa Indians,WI,Basement Water Intrusion Assessment and Remediation,2026-05-01,2026-05-22,Infrastructure,high,http://www.badriver-nsn.gov/wp-content/uploads/2026/05/20260501_RFP-Signed_Basement-Water-Intrusion-Assessment-and-Remediation.pdf,Assessment and remediation of basement water intrusion issues at Bad River Health & Wellness Center.,https://www.badriver-nsn.gov/solicitation-to-bid/
2026-05-20,Bad River Band of the Lake Superior Tribe of Chippewa Indians,WI,Full Size AWD/4WD SUV,2026-04-28,2026-05-27,Other,medium,http://www.badriver-nsn.gov/wp-content/uploads/2026/04/20260428_RFP_Recovery-House-SUV-Signed.pdf,Procurement of a full-size all-wheel drive or four-wheel drive sport utility vehicle for Bad River Health & Wellness Center.,https://www.badriver-nsn.gov/solicitation-to-bid/
2026-05-20,Bad River Band of the Lake Superior Tribe of Chippewa Indians,WI,Mural Installation,2026-05-05,2026-05-29,Other,high,http://www.badriver-nsn.gov/wp-content/uploads/2026/05/20260505_RFP_Bad-River-HWC-Mural-Installation.pdf,Installation of a mural at Bad River Health & Wellness Center.,https://www.badriver-nsn.gov/solicitation-to-bid/
2026-05-20,Bad River Band of the Lake Superior Tribe of Chippewa Indians,WI,"Exterior Deck, Porch, Ramp Restoration, and Aluminum Awning Installation",2026-05-15,2026-06-02,Infrastructure,high,http://www.badriver-nsn.gov/wp-content/uploads/2026/05/20260515_RFP_Signed_Exterior-Deck-Porch-Ramp-Restoration-and-Aluminum-Awning-Installation.pdf,"Restoration of exterior deck, porch, and ramp along with installation of aluminum awning at Bad River Health & Wellness Center.",https://www.badriver-nsn.gov/solicitation-to-bid/
2026-05-20,Bad River Band of the Lake Superior Tribe of Chippewa Indians,WI,Wild Rice Thresher Machine,2025-03-01,,Other,medium,http://www.badriver-nsn.gov/wp-content/uploads/2025/03/RFP_wildrice-thresher_Bids.pdf,Procurement of a wild rice thresher machine for Bad River Food Sovereignty.,https://www.badriver-nsn.gov/solicitation-to-bid/
2026-05-20,Ho-Chunk Nation,WI,Grant Consulting Services,,2026-02-17,Professional Services,high,https://ho-chunknation.com/rfp-bid/grant-consulting-services/,Consulting services for grant management and administration.,https://ho-chunknation.com/procurement-opportunities/
2026-05-20,Ho-Chunk Nation,WI,Audit Services,,2025-12-05,Professional Services,high,https://ho-chunknation.com/rfp-bid/audit-services/,Professional audit services for tribal government operations.,https://ho-chunknation.com/procurement-opportunities/
2026-05-20,Lac Courte Oreilles Band of Lake Superior Chippewa,WI,RFP - Ojibwe Woodland Floral Design Assets - Public Relations Department,2026-04-28,2026-06-03,Professional Services,high,https://lco-nsn.gov/request-for-proposals/,Graphic designer solicitation to create original Ojibwe woodland floral design assets for use across tribal communications in print and digital formats.,https://lco-nsn.gov/request-for-proposals/
2026-05-20,Lac Courte Oreilles Band of Lake Superior Chippewa,WI,RFP - Tribal Visitor's Guide - Public Relations Department,2026-04-28,2026-06-03,Professional Services,high,https://lco-nsn.gov/request-for-proposals/,Design and layout of a tri-fold brochure visitor's guide with community map and information about Lac Courte Oreilles tribal services and facilities.,https://lco-nsn.gov/request-for-proposals/
2026-05-20,Lac du Flambeau Band of Lake Superior Chippewa,WI,PCHC - Construction Manager At Risk Services,,2026-05-20,Professional Services,high,https://ldftribe.com/dynamic/files/rfps/RFP_169.pdf,Request for construction manager at-risk services for PCHC project.,https://ldftribe.com/rfps/
2026-05-20,Menominee Indian Tribe of Wisconsin,WI,Middle Village 3.8 MW Solar Micro-Grid RFP,,2026-04-22,Infrastructure,high,https://www.menominee-nsn.gov/ViewDocument.aspx?RFPid=66,Solicitation for development of a 3.8 MW solar micro-grid system at Middle Village.,https://www.menominee-nsn.gov/BusinessPages/RequestForProposals
2026-05-20,Menominee Indian Tribe of Wisconsin,WI,MTE Green Line Stacker RFP,,2026-04-17,Infrastructure,high,https://www.menominee-nsn.gov/ViewDocument.aspx?RFPid=64,Request for proposal for MTE Green Line Stacker equipment and installation.,https://www.menominee-nsn.gov/BusinessPages/RequestForProposals
2026-05-20,Menominee Indian Tribe of Wisconsin,WI,MTE NOTICE- Company Store and Fuel Station,,2026-03-30,Commercial,medium,https://www.menominee-nsn.gov/ViewDocument.aspx?RFPid=65,Notice of solicitation for construction or development of a company store and fuel station facility.,https://www.menominee-nsn.gov/BusinessPages/RequestForProposals
2026-05-20,Menominee Indian Tribe of Wisconsin,WI,State Small Business Credit Initiative (SSBCI) Technical Assistance Grant Program,,2026-03-23,Professional Services,medium,https://www.menominee-nsn.gov/ViewDocument.aspx?RFPid=60,Grant program solicitation for technical assistance services under the State Small Business Credit Initiative.,https://www.menominee-nsn.gov/BusinessPages/RequestForProposals
2026-05-20,Menominee Indian Tribe of Wisconsin,WI,MTE - Outsourced Finance Director and Accounting Services,,2026-03-16,Professional Services,high,https://www.menominee-nsn.gov/ViewDocument.aspx?RFPid=54,Request for proposal for outsourced finance director and accounting services.,https://www.menominee-nsn.gov/BusinessPages/RequestForProposals
2026-05-20,Menominee Indian Tribe of Wisconsin,WI,Camp 16 and Camp 18 Bridge Design,,2026-03-05,Infrastructure,medium,https://www.menominee-nsn.gov/ViewDocument.aspx?RFPid=58,Design services solicitation for bridges at Camp 16 and Camp 18 locations.,https://www.menominee-nsn.gov/BusinessPages/RequestForProposals
2026-05-20,Oneida Nation of Wisconsin,WI,Fiber to The Home: Design and Engineering RFP,,,Infrastructure,high,https://oneida-nsn.gov/business/dts/broadband-home/ftth-design-and-engineering-rfp/,Design and engineering services for fiber to the home infrastructure project.,https://oneida-nsn.gov/business/dts/oneida-rfps/
2026-05-20,Oneida Nation of Wisconsin,WI,DPW Fiber: Design and Engineering RFP,,,Infrastructure,high,https://oneida-nsn.gov/dpw-fiber-rfp/,Design and engineering services for DPW fiber infrastructure project.,https://oneida-nsn.gov/business/dts/oneida-rfps/
2026-05-20,Oneida Nation of Wisconsin,WI,Pow Wow Grounds Fiber RFP,,,Infrastructure,high,https://oneida-nsn.gov/business/dts/pow-wow-grounds-fiber-rfp/,Fiber infrastructure project for Pow Wow Grounds.,https://oneida-nsn.gov/business/dts/oneida-rfps/
2026-05-20,Oneida Nation of Wisconsin,WI,Oneida Lake Fiber RFP,,,Infrastructure,high,https://oneida-nsn.gov/oneida-lake-fiber-rfp/,Fiber infrastructure project for Oneida Lake area.,https://oneida-nsn.gov/business/dts/oneida-rfps/
2026-05-20,Red Cliff Band of Lake Superior Chippewa,WI,Demolition Of Retaining Wall,2026-05-19,2026-06-19,Infrastructure,high,https://www.redcliff-nsn.gov/rfp/Document Center/Request for Proposals/RFP Retaining Wall.pdf?t=202605190949130,Demolition of retaining wall at Red Cliff Health Clinic.,https://www.redcliff-nsn.gov/rfp/
2026-05-20,Red Cliff Band of Lake Superior Chippewa,WI,Modular or Manufactured Houses,2026-05-15,2026-06-01,Housing,high,https://www.redcliff-nsn.gov/rfp/Document Center/Request for Proposals/RFP Giiwedin Housing.pdf?t=202605150922160,Procurement of modular or manufactured houses for Giiwedin Neighborhood.,https://www.redcliff-nsn.gov/rfp/
2026-05-20,Red Cliff Band of Lake Superior Chippewa,WI,Community Health Improvement Plan,2026-05-15,2026-06-04,Professional Services,high,https://www.redcliff-nsn.gov/rfp/Document Center/Request for Proposals/Community Health Improvement Plan RFP 5.2026.pdf?t=202605180942450,Consultation and facilitation services for community health improvement planning.,https://www.redcliff-nsn.gov/rfp/
2026-05-20,Red Cliff Band of Lake Superior Chippewa,WI,Battery Energy Storage System Installation & Integration,2026-05-11,2026-05-26,Infrastructure,high,https://www.redcliff-nsn.gov/rfp/Document Center/Request for Proposals/Battery Energy Storage System RFP 5.2026.pdf?t=202605120935040,Installation and integration of battery energy storage systems at Red Cliff Health Center and Transportation Center.,https://www.redcliff-nsn.gov/rfp/
2026-05-20,Red Cliff Band of Lake Superior Chippewa,WI,Broadband Infrastructure Delivery Services,2025-10-27,,Infrastructure,high,https://www.redcliff-nsn.gov/rfp/Document Center/Request for Proposals/Broadband Infrastructure Delivery Services RFP 10.2025.pdf?t=202510301534320,Broadband infrastructure delivery services for Red Cliff Tribal Broadband Initiative.,https://www.redcliff-nsn.gov/rfp/
2026-05-20,Red Cliff Band of Lake Superior Chippewa,WI,Fiber Management,2025-10-27,,Infrastructure,high,https://www.redcliff-nsn.gov/rfp/Document Center/Request for Proposals/Fiber Management RFP 10.2025.pdf?t=202510301536510,Fiber management services for Red Cliff Tribal Broadband Initiative.,https://www.redcliff-nsn.gov/rfp/
2026-05-20,Red Cliff Band of Lake Superior Chippewa,WI,Internet Service Provider Services,2025-10-27,,Professional Services,high,https://www.redcliff-nsn.gov/rfp/Document Center/Request for Proposals/Internet Service Provider Services RFP 10.2025.pdf?t=202510301537330,Internet service provider services for Red Cliff Tribal Broadband Initiative.,https://www.redcliff-nsn.gov/rfp/
2026-05-20,Sokaogon Chippewa Community (Mole Lake),WI,Request for Proposals,2026-05-14,,Other,low,https://sokaogonchippewa.com/request-for-proposals-2/,Request for Proposals solicitation from Sokaogon Chippewa Community.,https://sokaogonchippewa.com/
2026-05-20,Sokaogon Chippewa Community (Mole Lake),WI,Request for Proposals,2026-05-14,,Other,low,https://sokaogonchippewa.com/request-for-proposals/,Request for Proposals solicitation from Sokaogon Chippewa Community.,https://sokaogonchippewa.com/
2026-05-20,Stockbridge-Munsee Community,WI,Replacement of Exterior Windowpanes,,,Infrastructure,medium,https://mohican-nsn.gov/replacement-of-exterior-windowpanes/,Solicitation for replacement of exterior windowpanes on tribal facilities.,https://mohican-nsn.gov/
2026-05-20,Stockbridge-Munsee Community,WI,Forest Stewardship Council (FSC) Certification,,,Professional Services,low,https://mohican-nsn.gov/forest-stewardship-council-fsc-certification/,Professional services solicitation related to Forest Stewardship Council certification.,https://mohican-nsn.gov/
2026-05-20,Stockbridge-Munsee Community,WI,Replacement of Sidewalks,,,Infrastructure,medium,https://mohican-nsn.gov/replacement-of-sidewalks/,Solicitation for replacement of sidewalks on tribal properties.,https://mohican-nsn.gov/
2026-05-20,Bay Mills Indian Community,MI,PUBLIC NOTICE: Intent to Construct,,,Other,low,https://www.facebook.com/photo/?fbid=1807821697292760&set=a.756521182422822,Public notice regarding intent to construct a project.,https://www.baymills.org/
2026-05-20,Saginaw Chippewa Indian Tribe of Michigan,MI,Request for Proposal: Cleaning Services for Wii Maajiikwad,2024-04-16,,Professional Services,high,https://www.sagchip.org/news.aspx?newsid=5830,The Tribe is seeking proposals for a systematic cleaning program for the newly constructed Wii Maajiikwad facility.,https://www.sagchip.org/news.aspx?DepartmentName=Bidding+Opportunities
2026-05-20,Sault Ste. Marie Tribe of Chippewa Indians,MI,26-024 Sault Tribe Health Division Website Replacement Project,2026-05-01,,Professional Services,high,https://www.saulttribe.com/about-us/purchasing-department/purchasing-department-files/download-file?path=Current%2BBid%2BProjects%252F26-024%2BSault%2BTribe%2BHealth%2BDivision%2BWebsite%2BReplacement%2BProject%2BRFP.pdf,Development and implementation of a replacement website for Sault Tribe Health Division.,https://www.saulttribe.com/about-us/purchasing-department/purchasing-department-files?folder=Current%2BBid%2BProjects
2026-05-20,Sault Ste. Marie Tribe of Chippewa Indians,MI,26-031 Sault Tribe Munising Health Center Structural Engineer,2026-05-06,,Professional Services,high,https://www.saulttribe.com/about-us/purchasing-department/purchasing-department-files/download-file?path=Current%2BBid%2BProjects%252F26-031%2BSault%2BTribe%2BMunising%2BHealth%2BCenter%2BStructural%2BEngineer%2BRFP%2B-%2BInvitation%2Bto%2BBid.pdf,Structural engineering services for Sault Tribe Munising Health Center.,https://www.saulttribe.com/about-us/purchasing-department/purchasing-department-files?folder=Current%2BBid%2BProjects
2026-05-20,Sault Ste. Marie Tribe of Chippewa Indians,MI,26-032 Sault Tribe Gladstone Health Center Outdoor Condensing Unit Replacement,2026-05-06,,Infrastructure,high,https://www.saulttribe.com/about-us/purchasing-department/purchasing-department-files/download-file?path=Current%2BBid%2BProjects%252F26-032%2BSault%2BTribe%2BGladstone%2BHealth%2BCenter%2BOutdoor%2BCondensing%2BUnit%2BReplacement%2BRFP%2B-%2BInvitation%2Bto%2BBid.pdf,Replacement of outdoor condensing unit at Gladstone Health Center.,https://www.saulttribe.com/about-us/purchasing-department/purchasing-department-files?folder=Current%2BBid%2BProjects
2026-05-20,Bois Forte Band (Nett Lake) of Minnesota Chippewa Tribe,MN,RFP: Access Control System & Cat 6A Cabling Installation - Tribal Administration Building,2025-09,,Infrastructure,high,https://boisforte.com/wp-content/uploads/2025/09/RFP-Tribal-Administration-Building-IT-1.pdf,RFP for access control system and Cat 6A cabling installation at the Tribal Administration Building.,https://boisforte.com/rfps/
2026-05-20,Prairie Island Indian Community,MN,Deputy Tribal Court Judge,2026-05-11,,Professional Services,high,https://prairieisland.org/uploads/REQUEST-FOR-PROPOSALS-TRIBAL-COURT-DEPUTY-JUDGE-20260506.DOCX-N-A.docx,"Serve as Deputy Judge for the Prairie Island Mdewakanton Dakota Tribal Court, presiding over civil cases including child welfare, custody, guardianships, and other disputes.",https://prairieisland.org/employment
2026-05-20,Menominee Indian Tribe of Wisconsin,WI,Camp 16 and Camp 18 Bridge Design,,2026-03-05,Infrastructure,high,https://www.menominee-nsn.gov/BusinessPages/RequestForProposals,Design services for bridges at Camp 16 and Camp 18.,https://www.menominee-nsn.gov/BusinessPages/RequestForProposals
2026-05-21,Pokagon Band of Potawatomi Indians,MI,EV Charging Feasibility,,,Infrastructure,medium,https://www.pokagonband-nsn.gov/wp-content/uploads/DraftRFP_EVChargingFeasibility_4_15_26-v2-002.pdf,Feasibility assessment to determine ideal placement of electric vehicle charging stations on Pokagon Band land and evaluate electrical capacity and infrastructure upgrades needed.,https://www.pokagonband-nsn.gov/departments/human-resources/career-opportunities/
2026-05-21,Lower Sioux Indian Community in Minnesota,MN,Request for Proposals for Professional Services – Tribal Court Improvement Project Evaluation,,,Professional Services,high,http://www.lowersioux.com,Lower Sioux Indian Community seeks a qualified external evaluator to design and implement a culturally responsive evaluation of its Tribal Court Improvement Project focused on child welfare cases and court system improvements.,https://lowersioux.com/job/request-for-proposals-for-professional-services/
2026-05-21,Prairie Island Indian Community,MN,Nuclear Reactor License Renewal Consultant,,,Professional Services,medium,https://prairieisland.org/employment,"Technical consulting services to advise the Prairie Island Indian Community on the licensing renewal process for Xcel Energy's Prairie Island Nuclear Generating Plant, including review of regulatory documents and safety analysis.",https://prairieisland.org/employment
2026-05-21,Menominee Indian Tribe of Wisconsin,WI,MTE Green Line Stacker Drawings,,2026-04-17,Other,medium,https://www.menominee-nsn.gov/ViewDocument.aspx?RFPid=67,Request for detailed drawings related to the MTE Green Line Stacker project.,https://www.menominee-nsn.gov/BusinessPages/RequestForProposals
2026-05-21,Menominee Indian Tribe of Wisconsin,WI,MTE Green Line Stacker Specifications,,2026-04-17,Other,medium,https://www.menominee-nsn.gov/ViewDocument.aspx?RFPid=63,Technical specifications for the MTE Green Line Stacker equipment or system.,https://www.menominee-nsn.gov/BusinessPages/RequestForProposals
2026-05-21,Menominee Indian Tribe of Wisconsin,WI,MTE NOTICE- Company Store and Fuel Station,,2026-03-30,Commercial,medium,https://www.menominee-nsn.gov/ViewDocument.aspx?RFPid=61,Solicitation notice for company store and fuel station development or operation.,https://www.menominee-nsn.gov/BusinessPages/RequestForProposals
2026-05-21,Menominee Indian Tribe of Wisconsin,WI,MTE Green Line Stacker Cost,,2026-03-25,Other,low,https://www.menominee-nsn.gov/ViewDocument.aspx?RFPid=65,Cost proposal documentation for the MTE Green Line Stacker project.,https://www.menominee-nsn.gov/BusinessPages/RequestForProposals
2026-05-21,Menominee Indian Tribe of Wisconsin,WI,Camp 16 and Camp 18 Bridge Design,,2026-03-05,Infrastructure,high,https://www.menominee-nsn.gov/ViewDocument.aspx?RFPid=59,Design services solicitation for bridge construction at Camp 16 and Camp 18 locations.,https://www.menominee-nsn.gov/BusinessPages/RequestForProposals
2026-05-22,Little River Band of Ottawa Indians,MI,RFP: Psychiatric Services,2026-05-21,2026-06-05,Professional Services,high,https://lrboi-nsn.gov/news/rfp-psychiatric-services-proposals-are-due-or-500-pm-eastern-time-june-5-2026,Request for proposals for psychiatric services.,https://lrboi-nsn.gov/news
2026-05-22,Little River Band of Ottawa Indians,MI,RFP: Waste Collection and Related Services,2026-05-11,2026-06-05,Other,high,https://lrboi-nsn.gov/news/rfp-waste-collection-and-related-services-proposals-are-due-or-400-pm-eastern-time-june-5-2026,Request for proposals for waste collection and related services.,https://lrboi-nsn.gov/news
2026-05-23,Sault Ste. Marie Tribe of Chippewa Indians,MI,DeMawating 2496 Shunk Road Roof Replacement Invitation to Bid,2026-05-14,,Commercial,high,https://www.saulttribe.com/about-us/purchasing-department/purchasing-department-files/download-file?path=Current%2BBid%2BProjects%252FDeMawating%2B2496%2BShunk%2BRoad%2BRoof%2BReplacement%2BInvitation%2Bto%2BBid.pdf,Roof replacement project at DeMawating 2496 Shunk Road facility.,https://www.saulttribe.com/about-us/purchasing-department/purchasing-department-files?folder=Current%2BBid%2BProjects
2026-05-23,Ho-Chunk Nation,WI,Architectural Design Services,,2026-06-18,Professional Services,high,https://ho-chunknation.com/rfp-bid/14034/,Architectural design services for Ho-Chunk Nation projects.,https://ho-chunknation.com/procurement-opportunities/
2026-05-24,Pokagon Band of Potawatomi Indians,MI,INVITATION FOR BIDS: Drywall Systems Removal and Replacement - Shkwéngen Apartments,,2026-01-21,Housing,high,https://www.pokagonband-nsn.gov/wp-content/uploads/20251215-ELECTRONIC-ONLY-Shkwengen-Asbestos-IFB-Package.pdf,"Sealed bid for removal and replacement of approximately 60,000 square feet of asbestos-containing drywall systems across three apartment buildings with 27 residential units at Shkwéngen Apartments in Dowagiac, Michigan.",https://www.pokagonband-nsn.gov/departments/human-resources/career-opportunities/
2026-05-24,Bad River Band of the Lake Superior Tribe of Chippewa Indians,WI,Black Top Driveways – Scattered Homes,2026-05-21,2026-06-05,Infrastructure,high,http://www.badriver-nsn.gov/wp-content/uploads/2026/05/20260521_BRHA-BIDS-BLACK-TOP-DRIVEWAYS.pdf,Installation and repair of blacktop driveways for scattered homes under Bad River Housing Authority.,https://www.badriver-nsn.gov/solicitation-to-bid/
2026-05-25,Lower Sioux Indian Community in Minnesota,MN,Request for Proposals for Professional Services – Tribal Court Improvement Project Evaluator,,,Professional Services,high,https://lowersioux.com/job/request-for-proposals-for-professional-services/,"Seeking a qualified external evaluator to design and implement a culturally responsive evaluation of the Lower Sioux Tribal Court Improvement Project, assessing child welfare case handling and recommending system improvements over 350 hours.",https://lowersioux.com/job/request-for-proposals-for-professional-services/
2026-05-26,Bad River Band of the Lake Superior Tribe of Chippewa Indians,WI,Indigenous Arts and Sciences Summer Youth Cultural Workshops,2026-05-19,2026-05-29,Professional Services,medium,http://www.badriver-nsn.gov/wp-content/uploads/2026/05/20260519_Signed-RFP_IAS-SY-2026-RFP.pdf,Request for proposals to provide Indigenous Arts and Sciences Summer Youth Cultural Workshops for Bad River Natural Resources Department.,https://www.badriver-nsn.gov/solicitation-to-bid/
2026-05-26,Bad River Band of the Lake Superior Tribe of Chippewa Indians,WI,Mashkiiziibii Jr. Manoomin Committee ~ Youth Teachings and Workshops,2026-05-19,2026-06-01,Professional Services,medium,http://www.badriver-nsn.gov/wp-content/uploads/2026/05/20260519_Signed-RFP_Jr-Manoomin-Committee-RFP-2026.pdf,Request for proposals to provide youth teachings and workshops for the Mashkiiziibii Jr. Manoomin Committee under Bad River Natural Resources.,https://www.badriver-nsn.gov/solicitation-to-bid/
2026-05-26,Bad River Band of the Lake Superior Tribe of Chippewa Indians,WI,Harm Reduction Services,2024-09-13,,Professional Services,low,http://www.badriver-nsn.gov/wp-content/uploads/2024/09/HarmReductionScans_09-13-2024-041502.pdf,Request for proposals for harm reduction services for Bad River Harm Reduction program.,https://www.badriver-nsn.gov/solicitation-to-bid/
2026-05-26,Bad River Band of the Lake Superior Tribe of Chippewa Indians,WI,Legal Services for Small Businesses and Entrepreneurs,2024-06-01,,Professional Services,low,http://www.badriver-nsn.gov/wp-content/uploads/2024/06/Scanned-from-a-Xerox-Multifunction-Printer-4.pdf,Request for proposals for legal services to support small businesses and entrepreneurs under the Planning Department.,https://www.badriver-nsn.gov/solicitation-to-bid/
2026-05-27,Sault Ste. Marie Tribe of Chippewa Indians,MI,26-040 Kewadin Casino St Ignace and Manistique Roof Replacement RFP,2026-05-26,,Infrastructure,high,https://www.saulttribe.com/about-us/purchasing-department/purchasing-department-files/download-file?path=Current%2BBid%2BProjects%252F26-040%2BKewadin%2BCasino%2BSt%2BIgnace%2Band%2BManistique%2BRoof%2BReplacement%2BRFP-%2BInvitation%2Bto%2BBid.pdf,Roof replacement at Kewadin Casino locations in St Ignace and Manistique.,https://www.saulttribe.com/about-us/purchasing-department/purchasing-department-files?folder=Current%2BBid%2BProjects
2026-05-27,Sault Ste. Marie Tribe of Chippewa Indians,MI,26-041 ML Munising Health Center Flooring,2026-05-27,,Infrastructure,high,https://www.saulttribe.com/about-us/purchasing-department/purchasing-department-files/download-file?path=Current%2BBid%2BProjects%252F26-041%2BML%2BMunising%2BHealth%2BCenter%2BFlooring.pdf,Flooring installation or replacement at Munising Health Center.,https://www.saulttribe.com/about-us/purchasing-department/purchasing-department-files?folder=Current%2BBid%2BProjects
2026-05-27,Prairie Island Indian Community,MN,Cultural Garden Consultant,,,Professional Services,high,https://prairieisland.org/uploads/Resolutions/Cultural-Garden-Consultant-RFP.docx,"Request for proposals from a cultural garden consultant to provide cultural teaching, maintain the garden space, develop planting plans, and direct seasonal garden management.",https://prairieisland.org/employment
2026-05-28,Sault Ste. Marie Tribe of Chippewa Indians,MI,26-036 Manistique Health Center EIFS Project,2026-05-28,,Infrastructure,high,https://www.saulttribe.com/about-us/purchasing-department/purchasing-department-files/download-file?path=Current%2BBid%2BProjects%252F26-036%2BManistique%2BHealth%2BCenter%2BEIFS%2BProject.pdf,EIFS (Exterior Insulation and Finish System) project for Manistique Health Center.,https://www.saulttribe.com/about-us/purchasing-department/purchasing-department-files?folder=Current%2BBid%2BProjects
2026-05-28,Prairie Island Indian Community,MN,Cultural Garden Consultant,,,Professional Services,high,https://prairieisland.org/uploads/Cultural-Garden-Consultant-RFP.docx,"Consultant services for cultural garden management, teaching, maintenance, and long-term planning including Turtle Mound and Eagle Mound revitalization projects.",https://prairieisland.org/employment
2026-05-28,Prairie Island Indian Community,MN,Nuclear Reactor License Renewal Consultant,,2026-06-01,Professional Services,high,https://prairieisland.org/uploads/Nuclear-License-Renewal-Consultant-RFP.docx,"Technical consultant services to advise the Community on the subsequent license renewal of Xcel Energy's Prairie Island Nuclear Generating Plant, including review of licensing documents and participation in regulatory proceedings.",https://prairieisland.org/employment
2026-05-28,Prairie Island Indian Community,MN,Treasure Island Resort & Casino Parking Lot Bioswale,,,Infrastructure,high,https://prairieisland.org/uploads/FINAL-RFQ-GHP-BIOSWALE.pdf,"Construction of a green infrastructure bioswale stormwater facility at Treasure Island Resort & Casino, including parking lot removal, excavation, topsoil placement, plant installation, and vegetation establishment.",https://prairieisland.org/employment
2026-05-28,Lac du Flambeau Band of Lake Superior Chippewa,WI,TNR - Development of a Wildfire Response Plan,,2026-06-29,Professional Services,high,https://ldftribe.com/dynamic/files/rfps/RFP_170.pdf,Development of a wildfire response plan for the Lac du Flambeau Band.,https://ldftribe.com/rfps/
2026-05-29,Little Traverse Bay Bands of Odawa Indians,MI,Invitation to Bid Metal Roof at Duplex Unit 5754 & 5758 Ap Gish Mok,2026-05-26,2026-06-22,Housing,high,https://ltbbodawa-nsn.gov/wp-content/uploads/2026/05/Invitation-to-Bid-Metal-Roof-at-Duplex-Unit-5754-5758-Ap-Gish-Mok.pdf,Metal roof installation for duplex units 5754 and 5758 at Ap Gish Mok.,https://ltbbodawa-nsn.gov/business-and-community/invitation-to-bid/
2026-05-29,Sault Ste. Marie Tribe of Chippewa Indians,MI,26-040 Kewadin Casino St Ignace and Manistique Roof Replacement,2026-05-26,,Infrastructure,high,https://www.saulttribe.com/about-us/purchasing-department/purchasing-department-files/download-file?path=Current%2BBid%2BProjects%252F26-040%2BKewadin%2BCasino%2BSt%2BIgnace%2Band%2BManistique%2BRoof%2BReplacement%2BRFP-%2BInvitation%2Bto%2BBid.pdf,RFP and Invitation to Bid for roof replacement at Kewadin Casino locations in St Ignace and Manistique.,https://www.saulttribe.com/about-us/purchasing-department/purchasing-department-files?folder=Current%2BBid%2BProjects
2026-05-29,Red Cliff Band of Lake Superior Chippewa,WI,Commercial Lease of 'The Cabin',2026-05-29,2026-06-19,Commercial,high,https://www.redcliff-nsn.gov/rfp/Document Center/Request for Proposals/RFP Cabin 5.29.2026.pdf?t=202605291039100,Commercial lease opportunity for The Cabin property.,https://www.redcliff-nsn.gov/rfp/
2026-05-30,Menominee Indian Tribe of Wisconsin,WI,Camp 16 and Camp 18 Bridge Design,,2026-03-05,Infrastructure,high,https://www.menominee-nsn.gov/ViewDocument.aspx?RFPid=62,Solicitation for design services for bridges at Camp 16 and Camp 18 locations.,https://www.menominee-nsn.gov/BusinessPages/RequestForProposals
2026-05-31,Pokagon Band of Potawatomi Indians,MI,EV Charging Feasibility Assessment,,,Infrastructure,high,https://www.pokagonband-nsn.gov/wp-content/uploads/DraftRFP_EVChargingFeasibility_4_15_26-v2-002.pdf,Feasibility assessment to determine ideal placement of electric vehicle charging stations on Pokagon Band land based on current and potential infrastructure upgrades.,https://www.pokagonband-nsn.gov/departments/human-resources/career-opportunities/
2026-05-31,Menominee Indian Tribe of Wisconsin,WI,Camp 16 and Camp 18 Bridge Design,,2026-03-05,Infrastructure,high,https://www.menominee-nsn.gov/ViewDocument.aspx?RFPid=57,Design services for bridges at Camp 16 and Camp 18 locations.,https://www.menominee-nsn.gov/BusinessPages/RequestForProposals
2026-05-31,Red Cliff Band of Lake Superior Chippewa,WI,"Commercial Lease of ""The Cabin""",2026-05-29,2026-06-19,Commercial,high,https://www.redcliff-nsn.gov/rfp/Document Center/Request for Proposals/RFP Cabin 5.29.2026.pdf?t=202605291039100,"Commercial lease solicitation for ""The Cabin"" property.",https://www.redcliff-nsn.gov/rfp/
2026-06-01,Little River Band of Ottawa Indians,MI,"RFP: Phase II Environmental Assessment on Dontz A Parcel 07-121-015-00, Manistee County, Michigan",2026-06-01,,Environmental,high,https://lrboi-nsn.gov/news/rfp-phase-ii-environmental-assessment-dontz-parcel-07-121-015-00-manistee-county-michigan,"Phase II environmental assessment for a parcel in Manistee County, Michigan.",https://lrboi-nsn.gov/news
2026-06-01,Mille Lacs Band of Ojibwe,MN,2026 Chevrolet 6500HD Silverado,2026-05-18,2026-06-03,Other,low,https://millelacsband.com/rfps/2026-chevrolet-6500hd-silverado,Procurement of one 2026 Chevrolet 6500HD Silverado vehicle.,https://millelacsband.com/rfps
2026-06-01,Mille Lacs Band of Ojibwe,MN,(2) 2026 Chev 2500HD Silverados,2026-05-18,2026-06-03,Other,low,https://millelacsband.com/rfps/2-2026-chev-2500hd-silverados,Procurement of two 2026 Chevrolet 2500HD Silverado vehicles.,https://millelacsband.com/rfps
2026-06-01,Bad River Band of the Lake Superior Tribe of Chippewa Indians,WI,Assessment of Three Wells,2026-06-01,2026-06-22,Professional Services,high,http://www.badriver-nsn.gov/wp-content/uploads/2026/06/20260601_RFP_Signed_Well-Assessments-on-3-Wells.pdf,Assessment and evaluation of three wells for Bad River Realty.,https://www.badriver-nsn.gov/solicitation-to-bid/
2026-06-01,Bad River Band of the Lake Superior Tribe of Chippewa Indians,WI,Concrete Pad Construction and Bicycle Rack Installation,2026-06-01,2026-06-25,Infrastructure,high,http://www.badriver-nsn.gov/wp-content/uploads/2026/06/20260601_RFP_Signed_Concrete-Pad-Construction-and-Bicycle-Rack-Installlation.pdf,Construction of concrete pad and installation of bicycle rack at Bad River Health & Wellness Center.,https://www.badriver-nsn.gov/solicitation-to-bid/
2026-06-01,Bad River Band of the Lake Superior Tribe of Chippewa Indians,WI,Exterior Pathway and Overhead Lighting,2026-06-01,2026-06-25,Infrastructure,high,http://www.badriver-nsn.gov/wp-content/uploads/2026/06/20260601_RFP_Signed_Exterior-Pathway-and-overhead-Lighting.pdf,Construction of exterior pathway and installation of overhead lighting at Bad River Health & Wellness Center.,https://www.badriver-nsn.gov/solicitation-to-bid/
2026-06-01,Bad River Band of the Lake Superior Tribe of Chippewa Indians,WI,Mural Installation,2026-06-01,2026-06-30,Other,high,http://www.badriver-nsn.gov/wp-content/uploads/2026/06/20260601_RFP_Signed_BRHWC-Mural-Installation.pdf,Installation of mural at Bad River Health & Wellness Center.,https://www.badriver-nsn.gov/solicitation-to-bid/
2026-06-02,Little Traverse Bay Bands of Odawa Indians,MI,Invitation to Bid to Install Insulation @ Hatchery Pole Barn,06/14/2026,06/22/2026,Infrastructure,high,https://ltbbodawa-nsn.gov/wp-content/uploads/2026/06/Invitation-to-Bid-to-Install-Insulation-@-Hatchery-Pole-Barn.pdf,Installation of insulation at the Hatchery Pole Barn.,https://ltbbodawa-nsn.gov/business-and-community/invitation-to-bid/
2026-06-02,Menominee Indian Tribe of Wisconsin,WI,MITW SSBCI Addendum # 1,,2026-03-23,Professional Services,medium,https://www.menominee-nsn.gov/ViewDocument.aspx?RFPid=62,First addendum to the State Small Business Credit Initiative program solicitation.,https://www.menominee-nsn.gov/BusinessPages/RequestForProposals
2026-06-02,Menominee Indian Tribe of Wisconsin,WI,State Small Business Credit Initiative (SSBCI) Technical Assistance Grant Program,,2026-03-23,Professional Services,high,https://www.menominee-nsn.gov/ViewDocument.aspx?RFPid=59,Request for proposals or applications for technical assistance grants under the State Small Business Credit Initiative program.,https://www.menominee-nsn.gov/BusinessPages/RequestForProposals
2026-06-02,Menominee Indian Tribe of Wisconsin,WI,MTE - Outsourced Finance Director and Accounting Services,,2026-03-16,Professional Services,high,https://www.menominee-nsn.gov/ViewDocument.aspx?RFPid=60,Request for proposals for outsourced finance director and accounting services.,https://www.menominee-nsn.gov/BusinessPages/RequestForProposals
2026-06-02,Menominee Indian Tribe of Wisconsin,WI,Camp 16 and Camp 18 Bridge Design,,2026-03-05,Infrastructure,high,https://www.menominee-nsn.gov/ViewDocument.aspx?RFPid=54,Design services solicitation for bridges at Camp 16 and Camp 18.,https://www.menominee-nsn.gov/BusinessPages/RequestForProposals
2026-06-03,Mille Lacs Band of Ojibwe,MN,"7586 Patti Drive, Lino Lakes Bathroom Rehab",2026-06-03,2026-06-17,Housing,high,https://millelacsband.com/rfps/7586-patti-drive-lino-lakes-bathroom-rehab,Bathroom rehabilitation project at 7586 Patti Drive in Lino Lakes.,https://millelacsband.com/rfps
2026-06-04,Sault Ste. Marie Tribe of Chippewa Indians,MI,26-020 STHA Apartment Building ITB,2026-06-03,,Housing,high,https://www.saulttribe.com/about-us/purchasing-department/purchasing-department-files/download-file?path=Current%2BBid%2BProjects%252F26-020%2BSTHA%2BApartment%2BBuilding%2BITB.pdf,Invitation to Bid for construction of an apartment building by the Sault Tribe Housing Authority.,https://www.saulttribe.com/about-us/purchasing-department/purchasing-department-files?folder=Current%2BBid%2BProjects
2026-06-04,Sault Ste. Marie Tribe of Chippewa Indians,MI,26-039 Sault Tribe Housing Authority Engineering Site Plan Utility Infrastructure and Roads in Manistique Area,2026-06-01,,Infrastructure,high,https://www.saulttribe.com/about-us/purchasing-department/purchasing-department-files/download-file?path=Current%2BBid%2BProjects%252F26-039%2BSault%2BTribe%2BHousing%2BAuthority%2Bfor%2Bthe%2BEngineering%2BSite%2BPlan%2BUtility%2BInfrastructure%2Band%2BRoads%2Bin%2BManistique%2BArea.pdf,"Engineering services for site plan, utility infrastructure, and roads in the Manistique area for the Sault Tribe Housing Authority.",https://www.saulttribe.com/about-us/purchasing-department/purchasing-department-files?folder=Current%2BBid%2BProjects
2026-06-04,Sault Ste. Marie Tribe of Chippewa Indians,MI,26-042 Sault Tribe Home Improvement Program STHIP Home Replacement,2026-06-01,,Housing,high,https://www.saulttribe.com/about-us/purchasing-department/purchasing-department-files/download-file?path=Current%2BBid%2BProjects%252F26-042%2BSault%2BTribe%2BHome%2BImprovement%2BProgram%2BSTHIP%2BHome%2BReplacement%2BNews%2BAd.pdf,Solicitation for the Sault Tribe Home Improvement Program home replacement initiative.,https://www.saulttribe.com/about-us/purchasing-department/purchasing-department-files?folder=Current%2BBid%2BProjects
2026-06-04,Sault Ste. Marie Tribe of Chippewa Indians,MI,Summer Maintenance Request for Bids,2026-06-02,,Infrastructure,high,https://www.saulttribe.com/about-us/purchasing-department/purchasing-department-files/download-file?path=Current%2BBid%2BProjects%252FSummer%2BMaintenance%2BRequest%2Bfor%2BBids%2BRFB.pdf,Request for Bids for summer maintenance services and projects.,https://www.saulttribe.com/about-us/purchasing-department/purchasing-department-files?folder=Current%2BBid%2BProjects
2026-06-04,Mille Lacs Band of Ojibwe,MN,2242 Oshki Odena Hinckley Fence,2026-06-04,2026-06-24,Infrastructure,high,https://millelacsband.com/rfps/2242-oshki-odena-hinckley-fence,Fence construction project at 2242 Oshki Odena in Hinckley.,https://millelacsband.com/rfps
2026-06-05,Keweenaw Bay Indian Community,MI,"Housing Department Request for Bids: Full Home Renovation Project in Harvey, Michigan",2026-06-04,,Housing,high,https://www.kbic-nsn.gov/housing-department-request-for-bids-full-home-renovation-project-in-harvey-michigan/,"Full home renovation project in Harvey, Michigan for the Housing Department.",https://www.kbic-nsn.gov/news/
2026-06-05,Little Traverse Bay Bands of Odawa Indians,MI,Invitation to Bid to Install Electric @ Hatchery Pole Barn,2026-06-05,2026-06-22,Infrastructure,high,https://ltbbodawa-nsn.gov/wp-content/uploads/2026/06/Invitation-to-Bid-to-Install-Electric-@-Hatchery-Pole-Barn.pdf,Installation of electrical systems at the hatchery pole barn facility.,https://ltbbodawa-nsn.gov/business-and-community/invitation-to-bid/
2026-06-05,Little Traverse Bay Bands of Odawa Indians,MI,Invitation to Bid to Install HVAC @ Hatchery Pole Barn,2026-06-05,2026-06-22,Infrastructure,high,https://ltbbodawa-nsn.gov/wp-content/uploads/2026/06/Invitation-to-Bid-to-Install-HVAC-@-Hatchery-Pole-Barn.pdf,Installation of HVAC systems at the hatchery pole barn facility.,https://ltbbodawa-nsn.gov/business-and-community/invitation-to-bid/
2026-06-05,Pokagon Band of Potawatomi Indians,MI,EPIC EHR Migration Project Management Services,,,Professional Services,high,https://www.pokagonband-nsn.gov/wp-content/uploads/Pokagon-Health-Services-EPIC-Migration-Project-Manager-RFP.pdf,Pokagon Band seeks proposals to provide project management services for EPIC Electronic Health Record migration for the Department of Health Services.,https://www.pokagonband-nsn.gov/departments/human-resources/career-opportunities/
2026-06-05,Sault Ste. Marie Tribe of Chippewa Indians,MI,26-039 Sault Tribe Housing Authority for the Engineering Site Plan Utility Infrastructure and Roads in Manistique Area,2026-06-01,,Infrastructure,high,https://www.saulttribe.com/about-us/purchasing-department/purchasing-department-files/download-file?path=Current%2BBid%2BProjects%252F26-039%2BSault%2BTribe%2BHousing%2BAuthority%2Bfor%2Bthe%2BEngineering%2BSite%2BPlan%2BUtility%2BInfrastructure%2Band%2BRoads%2Bin%2BManistique%2BArea.pdf,Engineering services for site plan design and utility infrastructure and roads development in the Manistique area.,https://www.saulttribe.com/about-us/purchasing-department/purchasing-department-files?folder=Current%2BBid%2BProjects
2026-06-05,Stockbridge-Munsee Community,WI,Replacement of Drain System,,,Infrastructure,medium,https://mohican-nsn.gov/replacement-of-drain-system/,Replacement of an existing drain system.,https://mohican-nsn.gov/
2026-06-05,Stockbridge-Munsee Community,WI,Replacement of Garage Doors,,,Infrastructure,medium,https://mohican-nsn.gov/replacement-of-garage-doors/,Replacement of garage doors.,https://mohican-nsn.gov/
2026-06-08,Sault Ste. Marie Tribe of Chippewa Indians,MI,Summer Maintenance Request for Bids RFB,2026-06-02,,Other,medium,https://www.saulttribe.com/about-us/purchasing-department/purchasing-department-files/download-file?path=Current%2BBid%2BProjects%252FSummer%2BMaintenance%2BRequest%2Bfor%2BBids%2BRFB.pdf,Request for bids for summer maintenance services.,https://www.saulttribe.com/about-us/purchasing-department/purchasing-department-files?folder=Current%2BBid%2BProjects
2026-06-09,Mille Lacs Band of Ojibwe,MN,D2 ALU to HHS Clinic Remodel,2026-06-09,2026-07-08,Commercial,medium,https://millelacsband.com/rfps/d2-alu-to-hhs-clinic-remodel,Remodel project converting D2 ALU space to HHS clinic facilities.,https://millelacsband.com/rfps
2026-06-10,Mille Lacs Band of Ojibwe,MN,"520 1st St SW, Hinckley",2026-06-09,2026-06-24,Other,medium,https://millelacsband.com/rfps/520-1st-st-sw-hinckley,Construction project at 520 1st Street SW in Hinckley for qualified general contractors.,https://millelacsband.com/rfps
2026-06-10,Bad River Band of the Lake Superior Tribe of Chippewa Indians,WI,Architectural and Engineering Design for new Construction Youth Facility,2026-06-01,2026-07-08,Professional Services,high,http://www.badriver-nsn.gov/wp-content/uploads/2026/06/Complete-AE-BGC-RFP-init.pdf,Architectural and engineering design services for a new youth facility construction project.,https://www.badriver-nsn.gov/solicitation-to-bid/
2026-06-11,Little River Band of Ottawa Indians,MI,"RFP: Certified Public Accountants to Audit General-Purpose Financial Statement for the Fiscal Years ending December 31, 2026, 2027, 2028",2026-06-11,,Professional Services,high,https://lrboi-nsn.gov/news/rfp-certified-public-accountants-audit-general-purpose-financial-statement-fiscal-years-ending,"Request for proposals from certified public accountants to audit general-purpose financial statements for fiscal years 2026, 2027, and 2028.",https://lrboi-nsn.gov/news
2026-06-11,Pokagon Band of Potawatomi Indians,MI,INVITATION FOR BIDS: Drywall Systems Removal and Replacement,,2026-01-21,Housing,high,https://www.pokagonband-nsn.gov/wp-content/uploads/20251215-ELECTRONIC-ONLY-Shkwengen-A,"Sealed bid proposals for removal and replacement of asbestos-containing drywall systems affecting approximately 60,000 square feet across three apartment buildings at Shkwéngen Apartments.",https://www.pokagonband-nsn.gov/departments/human-resources/career-opportunities/
2026-06-11,Lower Sioux Indian Community in Minnesota,MN,Request for Proposals for Professional Services – Tribal Court Improvement Project Evaluation,,,Professional Services,high,https://lowersioux.com/job/request-for-proposals-for-professional-services/,Seek a qualified external evaluator to design and implement a culturally responsive evaluation of the Tribal Court Improvement Project focused on strengthening child welfare case handling and collaboration with Human Services.,https://lowersioux.com/job/request-for-proposals-for-professional-services/
2026-06-11,Mille Lacs Band of Ojibwe,MN,"10297 State Hwy 27, Onamia Rehab",2026-06-09,2026-07-03,Commercial,high,https://millelacsband.com/rfps/10297-us-hwy-169-onamia-rehab,Rehabilitation project at 10297 State Highway 27 in Onamia for qualified general contractors.,https://millelacsband.com/rfps
2026-06-11,Prairie Island Indian Community,MN,Associate Tribal Court Judge,,,Professional Services,high,https://prairieisland.org/uploads/Resolutions/Request-for-Proposals-Tribal-Court-Associate-Judge-20260610.docx,Proposals from qualified professionals to serve as an Associate Judge for the Prairie Island Mdewakanton Dakota Tribal Court to preside over civil cases and assist in judicial policy development.,https://prairieisland.org/employment
2026-06-12,Sault Ste. Marie Tribe of Chippewa Indians,MI,26-040 Kewadin Casino St Ignace and Manistique Roof Replacement RFP- Invitation to Bid,2026-05-26,,Commercial,high,https://www.saulttribe.com/about-us/purchasing-department/purchasing-department-files/download-file?path=Current%2BBid%2BProjects%252F26-040%2BKewadin%2BCasino%2BSt%2BIgnace%2Band%2BManistique%2BRoof%2BReplacement%2BRFP-%2BInvitation%2Bto%2BBid.pdf,Invitation to Bid for roof replacement at Kewadin Casino locations in St Ignace and Manistique.,https://www.saulttribe.com/about-us/purchasing-department/purchasing-department-files?folder=Current%2BBid%2BProjects
2026-06-12,Sault Ste. Marie Tribe of Chippewa Indians,MI,26-051 ACFS PARKING LOT PAVING RFB,2026-06-12,,Infrastructure,high,https://www.saulttribe.com/about-us/purchasing-department/purchasing-department-files/download-file?path=Current%2BBid%2BProjects%252F26-051%2BACFS%2BPARKING%2BLOT%2BPAVING%2BRFB.pdf,Request for Bids for parking lot paving at Anishnaabek Community and Family Services facility.,https://www.saulttribe.com/about-us/purchasing-department/purchasing-department-files?folder=Current%2BBid%2BProjects
2026-06-13,Bad River Band of the Lake Superior Tribe of Chippewa Indians,WI,Architectural and Engineering Design for new Construction Youth Facility,2024-06-01,,Professional Services,medium,http://www.badriver-nsn.gov/wp-content/uploads/2024/06/Scanned-from-a-Xerox-Multifunction-Printer-4.pdf,Legal services for small businesses and entrepreneurs in the planning department.,https://www.badriver-nsn.gov/solicitation-to-bid/
2026-06-13,Stockbridge-Munsee Community,WI,T-Shirt Print – 50th Annual Mohican Pow Wow,,,Other,low,https://mohican-nsn.gov/t-shirt-print-50th-annual-mohican-pow-wow/,Request for proposals or bids for t-shirt printing services for the 50th Annual Mohican Pow Wow.,https://mohican-nsn.gov/
2026-06-15,Sac & Fox Tribe of the Mississippi in Iowa (Meskwaki),IA,RFP: Engineering Services for Planning and Design of Interchange at US 30 and F Avenue,,,Infrastructure,high,https://www.meskwaki.org/addendum-engineering-services-for-planning-and-design-of-an-interchange-at-us-30-and-f-avenue/,Engineering services for planning and design of an interchange at US 30 and F Avenue.,https://www.meskwaki.org/procurements/
2026-06-15,Little Traverse Bay Bands of Odawa Indians,MI,Invitation to Bid to Install Insulation at Hatchery Pole Barn-Extended,,2026-06-15,Infrastructure,high,https://ltbbodawa-nsn.gov/wp-content/uploads/2026/06/Invitation-to-Bid-to-Install-Insulation-at-Hatchery-Pole-Barn-Extended.pdf,Installation of insulation at hatchery pole barn with extended deadline.,https://ltbbodawa-nsn.gov/business-and-community/invitation-to-bid/
2026-06-15,Little Traverse Bay Bands of Odawa Indians,MI,INVITATION TO BID-Demolition 620 second st,,2026-06-30,Other,high,https://ltbbodawa-nsn.gov/wp-content/uploads/2026/06/INVITATION-TO-BID-Demolition-620-second-st.pdf,Demolition of building at 620 Second Street.,https://ltbbodawa-nsn.gov/business-and-community/invitation-to-bid/
2026-06-16,Pokagon Band of Potawatomi Indians,MI,INVITATION FOR BIDS: Drywall Systems Removal and Replacement,,,Housing,high,https://www.pokagonband-nsn.gov/wp-content/uploads/20260109-AS-DISTRIBUTED-Addendum-to-Invitation-for-Bids.pdf,"Seeking sealed bid proposals from qualified contractors for drywall systems removal and replacement at Shkwéngen Apartments in Dowagiac, Michigan, involving asbestos-containing materials remediation.",https://www.pokagonband-nsn.gov/departments/human-resources/career-opportunities/
2026-06-16,Sault Ste. Marie Tribe of Chippewa Indians,MI,26-049 Sault Tribe Transportation Dept Health Center Big Bear Seal Coating RFB,2026-06-16,,Infrastructure,high,https://www.saulttribe.com/about-us/purchasing-department/purchasing-department-files/download-file?path=Current%2BBid%2BProjects%252F26-049%2BSault%2BTribe%2BTransportation%2BDept%2BHealth%2BCenter%2BBig%2BBear%2BSeal%2BCoating%2BRFB-%2BInvitation%2Bto%2BBid.pdf,Invitation to Bid for seal coating work at Health Center and Big Bear facilities.,https://www.saulttribe.com/about-us/purchasing-department/purchasing-department-files?folder=Current%2BBid%2BProjects
2026-06-16,Red Cliff Band of Lake Superior Chippewa,WI,Home Condition Assessments,2026-06-15,2026-06-30,Professional Services,high,https://www.redcliff-nsn.gov/rfp/Document Center/Request for Proposals/RFP PRICE Home Condition Assessments 6.2026.pdf?t=202606160817290,Home condition assessments for the PRICE Program.,https://www.redcliff-nsn.gov/rfp/
2026-06-17,Red Cliff Band of Lake Superior Chippewa,WI,Commercial Lease of The Cabin,2026-05-29,2026-06-19,Commercial,medium,https://www.redcliff-nsn.gov/rfp/Document Center/Request for Proposals/RFP Cabin 5.29.2026.pdf?t=202605291039100,Commercial lease opportunity for The Cabin facility.,https://www.redcliff-nsn.gov/rfp/
2026-06-17,Sokaogon Chippewa Community (Mole Lake),WI,"Request for Proposals for furniture procurement, delivery, and installation",,,Other,medium,https://sokaogonchippewa.com/request-for-proposals-for-furniture-procurement-delivery-and-installation/,"Solicitation for furniture procurement, delivery, and installation services.",https://sokaogonchippewa.com/
2026-06-18,Sault Ste. Marie Tribe of Chippewa Indians,MI,26-049 Sault Tribe Transportation Dept Health Center Big Bear Seal Coating RFB- Invitation to Bid,2026-06-16,,Infrastructure,high,https://www.saulttribe.com/about-us/purchasing-department/purchasing-department-files/download-file?path=Current%2BBid%2BProjects%252F26-049%2BSault%2BTribe%2BTransportation%2BDept%2BHealth%2BCenter%2BBig%2BBear%2BSeal%2BCoating%2BRFB-%2BInvitation%2Bto%2BBid.pdf,Request for bids for seal coating work at Health Center and Big Bear locations.,https://www.saulttribe.com/about-us/purchasing-department/purchasing-department-files?folder=Current%2BBid%2BProjects
2026-06-18,Red Cliff Band of Lake Superior Chippewa,WI,Laboratory Information System,2026-06-17,2026-07-01,Professional Services,high,https://www.redcliff-nsn.gov/rfp/Document Center/Request for Proposals/Request for Proposal - LIS.pdf?t=202606171637510,Laboratory Information System implementation for Red Cliff Community Health Center.,https://www.redcliff-nsn.gov/rfp/
2026-06-18,Red Cliff Band of Lake Superior Chippewa,WI,Commercial Lease of The Cabin,2026-05-29,2026-06-22,Commercial,medium,https://www.redcliff-nsn.gov/rfp/Document Center/Request for Proposals/RFP Cabin 6.2026.pdf?t=202606181329560,Commercial lease opportunity for The Cabin property.,https://www.redcliff-nsn.gov/rfp/
2026-06-18,Stockbridge-Munsee Community,WI,"Playground Design, Equipment and Installation Services for Head Start Program",,,Infrastructure,medium,https://mohican-nsn.gov/playground-design-equipment-and-installation-services-for-head-start-program/,"Design, equipment procurement, and installation services for a playground at the Head Start Program facility.",https://mohican-nsn.gov/
2026-06-18,Stockbridge-Munsee Community,WI,"Park-Playground Design, Equipment and Construction Services",,,Infrastructure,medium,https://mohican-nsn.gov/park-playground-design-equipment-and-construction-services/,"Design, equipment, and construction services for a park playground development project.",https://mohican-nsn.gov/
2026-06-19,Sault Ste. Marie Tribe of Chippewa Indians,MI,26-049 Sault Tribe Transportation Dept Health Center Big Bear Seal Coating,2026-06-16,,Infrastructure,high,https://www.saulttribe.com/about-us/purchasing-department/purchasing-department-files/download-file?path=Current%2BBid%2BProjects%252F26-049%2BSault%2BTribe%2BTransportation%2BDept%2BHealth%2BCenter%2BBig%2BBear%2BSeal%2BCoating%2BRFB-%2BInvitation%2Bto%2BBid.pdf,Invitation to bid for seal coating at Health Center and Big Bear facilities.,https://www.saulttribe.com/about-us/purchasing-department/purchasing-department-files?folder=Current%2BBid%2BProjects
2026-06-19,Sault Ste. Marie Tribe of Chippewa Indians,MI,26-051 ACFS Parking Lot Paving,2026-06-12,,Infrastructure,high,https://www.saulttribe.com/about-us/purchasing-department/purchasing-department-files/download-file?path=Current%2BBid%2BProjects%252F26-051%2BACFS%2BPARKING%2BLOT%2BPAVING%2BRFB.pdf,Request for bids for parking lot paving at Anishnaabek Community and Family Services facility.,https://www.saulttribe.com/about-us/purchasing-department/purchasing-department-files?folder=Current%2BBid%2BProjects
2026-06-19,Red Cliff Band of Lake Superior Chippewa,WI,Commercial Lease of 'The Cabin',2026-05-29,2026-06-22,Commercial,high,https://www.redcliff-nsn.gov/rfp/Document Center/Request for Proposals/RFP Cabin 6.2026.pdf?t=202606181329560,Request for proposals for commercial lease of The Cabin property.,https://www.redcliff-nsn.gov/rfp/
2026-06-20,Red Cliff Band of Lake Superior Chippewa,WI,"Commercial Lease of ""The Cabin""",2026-05-29,2026-06-22,Other,medium,https://www.redcliff-nsn.gov/rfp/Document Center/Request for Proposals/RFP Cabin 6.2026.pdf?t=202606181329560,Commercial lease solicitation for The Cabin property.,https://www.redcliff-nsn.gov/rfp/
2026-06-21,Keweenaw Bay Indian Community,MI,Public Notice: Little Carp River Culvert Repair,2026-01-30,,Infrastructure,medium,https://www.kbic-nsn.gov/public-notice-little-carp-river-culvert-repair/,Public notice regarding Little Carp River culvert repair project.,https://www.kbic-nsn.gov/news/
2026-06-22,Little River Band of Ottawa Indians,MI,RFP: Residential Waste Pickup and Recycling Services,2026-06-22,2026-07-10,Other,high,https://lrboi-nsn.gov/news/rfp-residential-waste-pickup-and-recycling-services-proposals-are-due-or-400-pm-eastern-time,Solicitation for residential waste pickup and recycling services for the Little River Band of Ottawa Indians.,https://lrboi-nsn.gov/news
2026-06-22,Little River Band of Ottawa Indians,MI,RFP: Certified Public Accountants to Audit General-Purpose Financial Statement,2026-06-11,,Professional Services,high,https://lrboi-nsn.gov/news/rfp-certified-public-accountants-audit-general-purpose-financial-statement-fiscal-years-ending,"Request for proposals from certified public accountants to audit general-purpose financial statements for fiscal years ending December 31, 2026, 2027, and 2028.",https://lrboi-nsn.gov/news
2026-06-24,Bay Mills Indian Community,MI,BMIC Boat Launch Construction,,,Infrastructure,medium,https://www.baymills.org/_files/ugd/869f65_b4de03050eff473fb3d047614934f12f.pdf,Construction of a boat launch facility for the Bay Mills Indian Community.,https://www.baymills.org/
2026-06-24,Little Traverse Bay Bands of Odawa Indians,MI,Auditor RFP 2026-2028,,2026-07-31,Professional Services,high,https://ltbbodawa-nsn.gov/wp-content/uploads/2026/06/Auditor-RFP-2026-2028.pdf,Request for proposals for auditing services for 2026-2028.,https://ltbbodawa-nsn.gov/business-and-community/invitation-to-bid/
2026-06-25,Pokagon Band of Potawatomi Indians,MI,Brownfields Assessments and Remediations,,,Environmental,high,https://www.pokagonband-nsn.gov/wp-content/uploads/RFP_CERCLA-v2_EW-6.23.26.pdf,"Seeking proposals to conduct Phase I and Phase II environmental site assessments and remediation services, and to develop a five-year QAPP for an EPA CERCLA 128a grant.",https://www.pokagonband-nsn.gov/departments/human-resources/career-opportunities/
2026-06-25,Prairie Island Indian Community,MN,"Community-Wide Infrastructure, Engineering, Environmental, and Strategic Planning Services",2026-06-24,2026-07-26,Professional Services,high,https://prairieisland.org/uploads/Resolutions/FINAL-RFP-FOR-ENGINERING-SERVICES-260624.docx,"Solicit proposals from qualified multidisciplinary professional service firms to provide engineering, environmental, planning, surveying, GIS, asset management, and strategic infrastructure consulting services for water systems, environmental programs, wastewater infrastructure, housing development, transportation, and land services.",https://prairieisland.org/employment
2026-06-26,Pokagon Band of Potawatomi Indians,MI,Funding Proposal Development Services,,,Professional Services,high,https://www.pokagonband-nsn.gov/wp-content/uploads/Funding-Proposal-Development-Services-RFP.pdf,Seeking comprehensive funding proposal development services to support the Band's strategic priorities and maximize funding opportunities.,https://www.pokagonband-nsn.gov/departments/human-resources/career-opportunities/
2026-06-26,Pokagon Band of Potawatomi Indians,MI,Drywall Systems Removal and Replacement - Shkwéngen Apartments,,2026-01-21,Housing,high,https://www.pokagonband-nsn.gov/wp-content/uploads/20260109-AS-DISTRIBUTED-Addendum-to-Invitation-for-Bids.pdf,Sealed bid for drywall systems removal and replacement at Shkwéngen Apartments involving asbestos-containing materials.,https://www.pokagonband-nsn.gov/departments/human-resources/career-opportunities/
2026-06-26,Mille Lacs Band of Ojibwe,MN,Ojibwe/Ataage/Vineland Rds Testing,2026-06-25,2026-07-15,Infrastructure,high,https://millelacsband.com/rfps/ojibwe-ataage-vineland-rds-testing,"Inspection and testing services for Ojibwe, Ataage, and Vineland roads.",https://millelacsband.com/rfps
2026-06-27,Red Cliff Band of Lake Superior Chippewa,WI,Chemistry Analyzer,2026-06-26,2026-07-10,Other,high,https://www.redcliff-nsn.gov/rfp/Document Center/Request for Proposals/Request for Proposal - Chemistry Analyzer.pdf?t=202606261425440,Procurement of a chemistry analyzer for the Red Cliff Health Center Laboratory.,https://www.redcliff-nsn.gov/rfp/
2026-06-29,Menominee Indian Tribe of Wisconsin,WI,MTE SSBCI Addendum # 1,,2026-03-23,Professional Services,medium,https://www.menominee-nsn.gov/ViewDocument.aspx?RFPid=62,Addendum to State Small Business Credit Initiative program solicitation.,https://www.menominee-nsn.gov/BusinessPages/RequestForProposals
2026-07-01,Sac & Fox Tribe of the Mississippi in Iowa (Meskwaki),IA,RFP: Engineering Services for Planning and Design of Interchange at US 30 and F Ave,,,Infrastructure,high,https://www.meskwaki.org/addendum-engineering-services-for-planning-and-design-of-an-interchange-at-us-30-and-f-avenue/,Engineering services for planning and design of an interchange at US 30 and F Avenue.,https://www.meskwaki.org/procurements/
2026-07-01,Prairie Island Indian Community,MN,Strategic Plan Refresh Services,,2026-07-20,Professional Services,high,https://prairieisland.org/employment,"Seek qualified consultants to facilitate a comprehensive refresh of the Community's strategic plan with a budget not to exceed $40,000, including stakeholder engagement, analysis, and development of a simplified implementation framework.",https://prairieisland.org/employment
2026-07-02,Grand Traverse Band of Ottawa and Chippewa Indians,MI,RFP by Department,,,Other,medium,https://www.gtbindians.org/rfp.asp,Department-specific Requests for Proposal listings for Grand Traverse Band of Ottawa and Chippewa Indians.,https://www.gtbindians.org/
2026-07-03,Stockbridge-Munsee Community,WI,"Replacement of Fire Alarm System, Security System and Monitoring",,,Infrastructure,medium,https://mohican-nsn.gov/replacement-of-fire-alarm-system-security-system-and-monitoring/,"Replacement of fire alarm system, security system and monitoring services.",https://mohican-nsn.gov/
2026-07-05,Pokagon Band of Potawatomi Indians,MI,Shkwéngen Apartments Drywall Systems Removal and Replacement,,2026-01-21,Housing,high,https://www.pokagonband-nsn.gov/wp-content/uploads/20260109-AS-DISTRIBUTED-Addendum-to-Invitation-for-Bids.pdf,"Seeking sealed bid proposals from qualified contractors for drywall systems removal and replacement project at Shkwéngen Apartments in Dowagiac, Michigan involving asbestos containing materials.",https://www.pokagonband-nsn.gov/departments/human-resources/career-opportunities/
2026-07-06,Menominee Indian Tribe of Wisconsin,WI,MTE NOTICE - Company Store and Fuel Station,,2026-03-30,Commercial,medium,https://www.menominee-nsn.gov/ViewDocument.aspx?RFPid=61,Notice or solicitation for Company Store and Fuel Station development or services.,https://www.menominee-nsn.gov/BusinessPages/RequestForProposals
2026-07-07,Bad River Band of the Lake Superior Tribe of Chippewa Indians,WI,NAHASDA Rehab Window Replacement,,2026-07-15,Housing,high,http://www.badriver-nsn.gov/wp-content/uploads/2026/07/20260706_RFP_BRHA2026-2027-NAHASDA-Rehab-Window-Replacement.pdf,Request for Proposals for window replacement rehabilitation work under the NAHASDA program.,https://www.badriver-nsn.gov/solicitation-to-bid/
2026-07-08,Mille Lacs Band of Ojibwe,MN,Nay Ah Shing School Furnishings,2026-07-07,2026-07-22,Other,medium,https://millelacsband.com/rfps/nay-ah-shing-school-furnishings,Supply of furnishings for Nay Ah Shing School.,https://millelacsband.com/rfps
2026-07-09,Sault Ste. Marie Tribe of Chippewa Indians,MI,26-051 ACFS Parking lot Paving REBID,,,Infrastructure,high,https://www.saulttribe.com/about-us/purchasing-department/purchasing-department-files/download-file?path=Current%2BBid%2BProjects%252F26-051%2BACFS%2BParking%2Blot%2BPaving%2BREBID.pdf,Re-bid for parking lot paving at the Anishnaabek Community and Family Services facility.,https://www.saulttribe.com/about-us/purchasing-department/purchasing-department-files?folder=Current%2BBid%2BProjects
2026-07-09,Sault Ste. Marie Tribe of Chippewa Indians,MI,26-056 Phase 1 - Site Development Clearing,,,Infrastructure,high,https://www.saulttribe.com/about-us/purchasing-department/purchasing-department-files/download-file?path=Current%2BBid%2BProjects%252F26-056%2BPhase%2B1%2B-%2BSite%2BDevelopment%2BClearing.pdf,Phase 1 site development and clearing work for a tribal project.,https://www.saulttribe.com/about-us/purchasing-department/purchasing-department-files?folder=Current%2BBid%2BProjects
2026-07-09,Sault Ste. Marie Tribe of Chippewa Indians,MI,26-060 Roof Replacements,,,Infrastructure,high,https://www.saulttribe.com/about-us/purchasing-department/purchasing-department-files/download-file?path=Current%2BBid%2BProjects%252F26-060%2BRoof%2BReplacements%2BNews%2BAd.pdf,Roof replacement project for tribal facilities.,https://www.saulttribe.com/about-us/purchasing-department/purchasing-department-files?folder=Current%2BBid%2BProjects
2026-07-09,Sault Ste. Marie Tribe of Chippewa Indians,MI,Tanglewood Equipment Request for Bids,,,Other,medium,https://www.saulttribe.com/about-us/purchasing-department/purchasing-department-files/download-file?path=Current%2BBid%2BProjects%252FTanglewood%2BEquipment%2BRequest%2Bfor%2BBids.pdf,Equipment procurement bid for Tanglewood facility.,https://www.saulttribe.com/about-us/purchasing-department/purchasing-department-files?folder=Current%2BBid%2BProjects
2026-07-09,Mille Lacs Band of Ojibwe,MN,HHS Hillcrest Remodel,2026-07-08,2026-07-29,Commercial,high,https://millelacsband.com/rfps/hhs-hillcrest-remodel,Remodeling work for HHS Hillcrest facility.,https://millelacsband.com/rfps
2026-07-09,Menominee Indian Tribe of Wisconsin,WI,Invitation for Bids: Cigarette and Tobacco Services,,2026-07-30,Other,high,https://www.menominee-nsn.gov/ViewDocument.aspx?RFPid=68,Invitation for bids on cigarette and tobacco services.,https://www.menominee-nsn.gov/BusinessPages/RequestForProposals
2026-07-09,Menominee Indian Tribe of Wisconsin,WI,Middle Village 3.8 MW Solar Micro-Grid RFP,,2026-04-22,Infrastructure,high,https://www.menominee-nsn.gov/ViewDocument.aspx?RFPid=67,Request for proposals for a 3.8 MW solar micro-grid project at Middle Village.,https://www.menominee-nsn.gov/BusinessPages/RequestForProposals
2026-07-09,Menominee Indian Tribe of Wisconsin,WI,MTE Green Line Stacker RFP,,2026-04-17,Other,high,https://www.menominee-nsn.gov/ViewDocument.aspx?RFPid=61,Request for proposals for MTE Green Line Stacker equipment or services.,https://www.menominee-nsn.gov/BusinessPages/RequestForProposals
2026-07-09,Menominee Indian Tribe of Wisconsin,WI,MTE - Outsourced Finance Director and Accounting Services,,,Professional Services,medium,https://www.menominee-nsn.gov/BusinessPages/RequestForProposals,Request for outsourced finance director and accounting services for MTE.,https://www.menominee-nsn.gov/BusinessPages/RequestForProposals
2026-07-10,Sault Ste. Marie Tribe of Chippewa Indians,MI,26-061 STHA Manistique Driveway Sidewalk Replacement,,2026-07-09,Infrastructure,high,https://www.saulttribe.com/about-us/purchasing-department/purchasing-department-files/download-file?path=Current%2BBid%2BProjects%252F26-061%2BSTHA%2BManistique%2BDriveway%2BSidewalk%2BReplacement%2BInvitation%2Bto%2BBid.pdf,Driveway and sidewalk replacement project for Sault Tribe Housing Authority in Manistique.,https://www.saulttribe.com/about-us/purchasing-department/purchasing-department-files?folder=Current%2BBid%2BProjects
2026-07-10,Menominee Indian Tribe of Wisconsin,WI,MTE - Outsourced Finance Director and Accounting Services,,2026-03-16,Professional Services,high,https://www.menominee-nsn.gov/ViewDocument.aspx?RFPid=59,Request for outsourced finance director and accounting services for MTE.,https://www.menominee-nsn.gov/BusinessPages/RequestForProposals
2026-07-11,Little Traverse Bay Bands of Odawa Indians,MI,ITB OEAHC Retaining Wall,,2026-07-31,Infrastructure,high,https://ltbbodawa-nsn.gov/wp-content/uploads/2026/07/ITB-OEAHC-Retaining-Wall.pdf,Invitation to Bid for construction of a retaining wall at OEAHC facility.,https://ltbbodawa-nsn.gov/business-and-community/invitation-to-bid/
2026-07-12,Menominee Indian Tribe of Wisconsin,WI,MTE Green Line Stacker RFP,,2026-04-17,Infrastructure,high,https://www.menominee-nsn.gov/ViewDocument.aspx?RFPid=63,Request for proposals for MTE Green Line Stacker equipment.,https://www.menominee-nsn.gov/BusinessPages/RequestForProposals
2026-07-13,Pokagon Band of Potawatomi Indians,MI,Contract Security Services for Mshkiki,,,Professional Services,high,https://www.pokagonband-nsn.gov/wp-content/uploads/RFP-Contract-Security-Services-for-Mshkiki-Pokagon-Band.pdf,Seeking sealed proposals from individuals and legal entities to provide contract security services to Mshkiki Community Clinic.,https://www.pokagonband-nsn.gov/departments/human-resources/career-opportunities/
2026-07-13,Menominee Indian Tribe of Wisconsin,WI,MTE - Outsourced Finance Director and Accounting Services,,2026-03-16,Professional Services,high,https://www.menominee-nsn.gov/ViewDocument.aspx?RFPid=58,Request for proposals for outsourced finance director and accounting services.,https://www.menominee-nsn.gov/BusinessPages/RequestForProposals
2026-07-13,Red Cliff Band of Lake Superior Chippewa,WI,Road Construction for Buffalo Bay Store,2026-07-09,2026-07-28,Infrastructure,high,https://www.redcliff-nsn.gov/rfp/Document Center/Request for Proposals/RFP_BBS Road Construction 7.2026.pdf?t=202607130909300,"Construction of 600 feet of roadway with water, sewer, stormwater containment, and modification of State Highway 13 entrance for Buffalo Bay Store.",https://www.redcliff-nsn.gov/rfp/
2026-07-14,Pokagon Band of Potawatomi Indians,MI,Brownfields Assessments and Remediations,,,Professional Services,high,https://www.pokagonband-nsn.gov/wp-content/uploads/RFP_CERCLA-v2_EW-6.23.pdf,"Proposals for Phase I and Phase II environmental site assessments, remediation recommendations, and development of a five-year QAPP for EPA CERCLA 128a grant.",https://www.pokagonband-nsn.gov/departments/human-resources/career-opportunities/
2026-07-14,Menominee Indian Tribe of Wisconsin,WI,MTE - Outsourced Finance Director and Accounting Services,,2026-03-16,Professional Services,high,https://www.menominee-nsn.gov/ViewDocument.aspx?RFPid=,Request for outsourced finance director and accounting services for MTE.,https://www.menominee-nsn.gov/BusinessPages/RequestForProposals
2026-07-15,Pokagon Band of Potawatomi Indians,MI,Multiple-Site Solar/Solar & Battery Energy Storage Systems Engineering and Construction,,,Infrastructure,high,https://www.pokagonband-nsn.gov/wp-content/uploads/RFP_SolarInstall_Draft_JMK_-updated-7.14.26.pdf,The Pokagon Band is seeking competitive proposals from qualified contractors to build and maintain multiple solar installations and one battery energy storage system on multiple buildings and sites.,https://www.pokagonband-nsn.gov/departments/human-resources/career-opportunities/
2026-07-15,Pokagon Band of Potawatomi Indians,MI,INVITATION FOR BIDS: Drywall Systems Removal and Replacement,,,Other,medium,https://www.pokagonband-nsn.gov/departments/human-resources/career-opportunities/,"Invitation for bids for drywall systems removal and replacement at Shkwéngen Apartments, 500 Hill Street, Dowagiac, MI 49047.",https://www.pokagonband-nsn.gov/departments/human-resources/career-opportunities/
2026-07-15,Mille Lacs Band of Ojibwe,MN,"Demolition of current boat landing and construction of new boat landing with concrete landing sticks, 17228 Walleye Road, Onamia Minnesota",2026-07-14,2026-08-10,Infrastructure,high,https://millelacsband.com/rfps/demolition-of-current-boat-landing-and-construction-of-new-boat-landing-with-concrete-landing-sticks-17228-walleye-road-onamia-m,Demolition of existing boat landing and construction of new boat landing with concrete landing sticks.,https://millelacsband.com/rfps
2026-07-15,Bad River Band of the Lake Superior Tribe of Chippewa Indians,WI,Mashkiiziibii Manoomin Gabeshiwin (Rice Camp) Cook,2026-07-14,2026-08-03,Other,low,http://www.badriver-nsn.gov/wp-content/uploads/2026/07/20260714_RFP_Rice-Camp-Cook.pdf,Request for proposals for a cook position at the Mashkiiziibii Manoomin Gabeshiwin Rice Camp food sovereignty program.,https://www.badriver-nsn.gov/solicitation-to-bid/
2026-07-15,Bad River Band of the Lake Superior Tribe of Chippewa Indians,WI,Mashkiiziibii Manoomin Gabeshiwin (Rice Camp) Workshop,2026-07-14,2026-08-03,Other,medium,http://www.badriver-nsn.gov/wp-content/uploads/2026/07/20260714_RFP_Rice-Camp-Workshops.pdf,Request for proposals for workshops at the Mashkiiziibii Manoomin Gabeshiwin Rice Camp food sovereignty program.,https://www.badriver-nsn.gov/solicitation-to-bid/
2026-07-15,Menominee Indian Tribe of Wisconsin,WI,MTE - Outsourced Finance Director and Accounting Services,,2026-03-16,Professional Services,high,https://www.menominee-nsn.gov/ViewDocument.aspx?RFPid=?,Request for outsourced finance director and accounting services.,https://www.menominee-nsn.gov/BusinessPages/RequestForProposals
2026-07-16,Pokagon Band of Potawatomi Indians,MI,INVITATION FOR BIDS: Drywall Systems Removal and Replacement - Shkwéngen Apartments,,2026-01-21,Housing,high,https://www.pokagonband-nsn.gov/wp-content/uploads/20260109-AS-DISTRIBUTED-Addendum-to-Invitation-for-Bids.pdf,"Sealed bid proposals from qualified contractors for drywall systems removal and replacement project involving asbestos containing materials at Shkwéngen Apartments in Dowagiac, Michigan.",https://www.pokagonband-nsn.gov/departments/human-resources/career-opportunities/
2026-07-16,Mille Lacs Band of Ojibwe,MN,East Lake Community Center Maintenance Garage,2026-07-15,2026-08-05,Commercial,medium,https://millelacsband.com/rfps/east-lake-community-center-maintenance-garage,Construction of a maintenance garage for the East Lake Community Center.,https://millelacsband.com/rfps
2026-07-18,Mille Lacs Band of Ojibwe,MN,Demolition of current boat landing and construction of new boat landing with concrete landing sticks,2026-07-14,2026-08-10,Infrastructure,high,https://millelacsband.com/rfps/demolition-of-current-boat-landing-and-construction-of-new-boat-landing-with-concrete-landing-sticks-17228-walleye-road-onamia-m,"Demolition of existing boat landing and construction of new boat landing with concrete landing sticks at 17228 Walleye Road, Onamia Minnesota.",https://millelacsband.com/rfps
2026-07-18,Menominee Indian Tribe of Wisconsin,WI,Pine Meadows Road Project,,2026-08-07,Infrastructure,high,https://www.menominee-nsn.gov/ViewDocument.aspx?RFPid=69,Road construction project for Pine Meadows.,https://www.menominee-nsn.gov/BusinessPages/RequestForProposals
2026-07-18,Menominee Indian Tribe of Wisconsin,WI,Pine Meadows - Appendix,,2026-08-07,Infrastructure,medium,https://www.menominee-nsn.gov/ViewDocument.aspx?RFPid=70,Appendix documentation for Pine Meadows Road Project.,https://www.menominee-nsn.gov/BusinessPages/RequestForProposals
